type,name,module,path,hash
"csv","agent-manifest","_config","_config/agent-manifest.csv","0b05bd0eb83428794eec471703e4ebb873cece1b642d8e9aed66b6476b2a3bf6"
"yaml","manifest","_config","_config/manifest.yaml","f0a0104677f32ee02f4c1a3ea3ee92b037257e4cdf6394f5046dad0fe12bc67e"
"csv","brain-methods","core","core/bmad-brainstorming/brain-methods.csv","0ab5878b1dbc9e3fa98cb72abfc3920a586b9e2b42609211bb0516eefd542039"
"csv","methods","core","core/bmad-advanced-elicitation/methods.csv","e08b2e22fec700274982e37be608d6c3d1d4d0c04fa0bae05aa9dba2454e6141"
"csv","module-help","core","core/module-help.csv","3a16823dcffc0c08f30097f2eb2244e81d5f3debecd323cd484131245389203c"
"md","compression-rules","core","core/bmad-distillator/resources/compression-rules.md","86e53d6a2072b379864766681d1cc4e1aad3d4428ecca8c46010f7364da32724"
"md","distillate-compressor","core","core/bmad-distillator/agents/distillate-compressor.md","c00da33b39a43207a224c4043d1aa4158e90e41ab421fff0ea7cc55beec81ef8"
"md","distillate-format-reference","core","core/bmad-distillator/resources/distillate-format-reference.md","5c23eed087d950b68d307f5cbf001dac8f73e822f307f3a4ef5f4cb57ddeda99"
"md","round-trip-reconstructor","core","core/bmad-distillator/agents/round-trip-reconstructor.md","47c83f4a37249ddac38460d8c95d162f6fc175a8919888e8090aed71bd9383bc"
"md","SKILL","core","core/bmad-advanced-elicitation/SKILL.md","1a7396d28ba7524588d44e5eac9b6a41372a0bf8d9e1c4c469728493abd5e12f"
"md","SKILL","core","core/bmad-brainstorming/SKILL.md","f4a2c22b40ed34cdbd3282dd6161a3b869902f3bc75b58e181fc9faf78eedd9d"
"md","SKILL","core","core/bmad-distillator/SKILL.md","756ee0706ff6b8a3d5726b465e81ba244e4eaeba21b7de0d2390473acebb5ddc"
"md","SKILL","core","core/bmad-editorial-review-prose/SKILL.md","b3687fe80567378627bc2a0c5034ae8d65dfeedcf2b6c90da077f4feca462d0c"
"md","SKILL","core","core/bmad-editorial-review-structure/SKILL.md","164444359d74f695a84faf7ea558d0eef39c75561e6b26669f97a165c6f75538"
"md","SKILL","core","core/bmad-help/SKILL.md","cd7096b2ff55b2b87e12d6b9c4c9ea13dfca78c49299a09327c97107f9531da8"
"md","SKILL","core","core/bmad-index-docs/SKILL.md","a855d7060414e73ca4fe8e1a3e1cc4d0f2ce394846e52340bdf5a1317e0d234a"
"md","SKILL","core","core/bmad-party-mode/SKILL.md","0e24fb777af648d3f093b6f8932a4b91a9fe1b459439b661fcb7879ac50e2ac0"
"md","SKILL","core","core/bmad-review-adversarial-general/SKILL.md","7bffc39e6dba4d9123648c5d4d79e17c3c5b1efbd927c3fe0026c2dbb8d99cff"
"md","SKILL","core","core/bmad-review-edge-case-hunter/SKILL.md","f49ed9976f46b4cefa1fc8b4f0a495f16089905e6a7bbf4ce73b8f05c9ae3ee6"
"md","SKILL","core","core/bmad-shard-doc/SKILL.md","3a1538536514725fd4f31aded280ee56b9645fc61d114fd94aacb3ac52304e52"
"md","splitting-strategy","core","core/bmad-distillator/resources/splitting-strategy.md","26d3ed05f912cf99ff9ebe2353f2d84d70e3e852e23a32b1215c13416ad708b5"
"md","step-01-session-setup","core","core/bmad-brainstorming/steps/step-01-session-setup.md","7fd2aed9527ccdf35fc86bd4c9b27b4a530b5cfdfb90ae2b7385d3185bcd60bc"
"md","step-01b-continue","core","core/bmad-brainstorming/steps/step-01b-continue.md","49f8d78290291f974432bc8e8fce340de58ed62aa946e9e3182858bf63829920"
"md","step-02a-user-selected","core","core/bmad-brainstorming/steps/step-02a-user-selected.md","7ff3bca27286d17902ecea890494599796633e24a25ea6b31bbd6c3d2e54eba2"
"md","step-02b-ai-recommended","core","core/bmad-brainstorming/steps/step-02b-ai-recommended.md","cb77b810e0c98e080b4378999f0e250bacba4fb74c1bcb0a144cffe9989d2cbd"
"md","step-02c-random-selection","core","core/bmad-brainstorming/steps/step-02c-random-selection.md","91c6e16213911a231a41b1a55be7c939e7bbcd1463bd49cb03b5b669a90c0868"
"md","step-02d-progressive-flow","core","core/bmad-brainstorming/steps/step-02d-progressive-flow.md","6b6fbbd34bcf334d79f09e8c36ed3c9d55ddd3ebb8f8f77aa892643d1a4e3436"
"md","step-03-technique-execution","core","core/bmad-brainstorming/steps/step-03-technique-execution.md","b97afefd4ccc5234e554a3dfc5555337269ce171e730b250c756718235e9df60"
"md","step-04-idea-organization","core","core/bmad-brainstorming/steps/step-04-idea-organization.md","acb7eb6a54161213bb916cabf7d0d5084316704e792a880968fc340855cdcbbb"
"md","template","core","core/bmad-brainstorming/template.md","5c99d76963eb5fc21db96c5a68f39711dca7c6ed30e4f7d22aedee9e8bb964f9"
"md","workflow","core","core/bmad-brainstorming/workflow.md","74c87846a5cda7a4534ea592ea3125a8d8a1a88d19c94f5f4481fb28d0d16bf2"
"py","analyze_sources","core","core/bmad-distillator/scripts/analyze_sources.py","31e2a8441c3c43c2536739c580cdef6abecb18ff20e7447f42dd868875783166"
"py","test_analyze_sources","core","core/bmad-distillator/scripts/tests/test_analyze_sources.py","d90525311f8010aaf8d7d9212a370468a697866190bae78c35d0aae9b7f23fdf"
"yaml","config","core","core/config.yaml","7beac5f6c2cfee458a8a084064422efc17ffccb81e5a7c05037841ec7c8ebdd4"
"csv","module-help","tea","tea/module-help.csv","9ad555951ba57eb2c2c3e24d7afbbd9b49a3b68f5889e4bf3e4128323cf04270"
"csv","tea-index","tea","tea/agents/bmad-tea/resources/tea-index.csv","e4cda8ac6edd229e1b3b606b3fcbee1ec893dbab4c9152956933b4d38927a96c"
"csv","tea-index","tea","tea/workflows/testarch/bmad-testarch-atdd/resources/tea-index.csv","e4cda8ac6edd229e1b3b606b3fcbee1ec893dbab4c9152956933b4d38927a96c"
"csv","tea-index","tea","tea/workflows/testarch/bmad-testarch-automate/resources/tea-index.csv","e4cda8ac6edd229e1b3b606b3fcbee1ec893dbab4c9152956933b4d38927a96c"
"csv","tea-index","tea","tea/workflows/testarch/bmad-testarch-ci/resources/tea-index.csv","e4cda8ac6edd229e1b3b606b3fcbee1ec893dbab4c9152956933b4d38927a96c"
"csv","tea-index","tea","tea/workflows/testarch/bmad-testarch-framework/resources/tea-index.csv","e4cda8ac6edd229e1b3b606b3fcbee1ec893dbab4c9152956933b4d38927a96c"
"csv","tea-index","tea","tea/workflows/testarch/bmad-testarch-nfr/resources/tea-index.csv","e4cda8ac6edd229e1b3b606b3fcbee1ec893dbab4c9152956933b4d38927a96c"
"csv","tea-index","tea","tea/workflows/testarch/bmad-testarch-test-design/resources/tea-index.csv","e4cda8ac6edd229e1b3b606b3fcbee1ec893dbab4c9152956933b4d38927a96c"
"csv","tea-index","tea","tea/workflows/testarch/bmad-testarch-test-review/resources/tea-index.csv","e4cda8ac6edd229e1b3b606b3fcbee1ec893dbab4c9152956933b4d38927a96c"
"csv","tea-index","tea","tea/workflows/testarch/bmad-testarch-trace/resources/tea-index.csv","e4cda8ac6edd229e1b3b606b3fcbee1ec893dbab4c9152956933b4d38927a96c"
"groovy","jenkins-pipeline-template","tea","tea/workflows/testarch/bmad-testarch-ci/jenkins-pipeline-template.groovy","ae865401625d2d20b9396d41e333f39bc167967e1949761301e551131c4c7958"
"md","adr-quality-readiness-checklist","tea","tea/agents/bmad-tea/resources/knowledge/adr-quality-readiness-checklist.md","34bf3460bd3218ce00efc148137f2dc67dfac2d69215c362978ca688e2fe4420"
"md","adr-quality-readiness-checklist","tea","tea/workflows/testarch/bmad-testarch-atdd/resources/knowledge/adr-quality-readiness-checklist.md","34bf3460bd3218ce00efc148137f2dc67dfac2d69215c362978ca688e2fe4420"
"md","adr-quality-readiness-checklist","tea","tea/workflows/testarch/bmad-testarch-automate/resources/knowledge/adr-quality-readiness-checklist.md","34bf3460bd3218ce00efc148137f2dc67dfac2d69215c362978ca688e2fe4420"
"md","adr-quality-readiness-checklist","tea","tea/workflows/testarch/bmad-testarch-ci/resources/knowledge/adr-quality-readiness-checklist.md","34bf3460bd3218ce00efc148137f2dc67dfac2d69215c362978ca688e2fe4420"
"md","adr-quality-readiness-checklist","tea","tea/workflows/testarch/bmad-testarch-framework/resources/knowledge/adr-quality-readiness-checklist.md","34bf3460bd3218ce00efc148137f2dc67dfac2d69215c362978ca688e2fe4420"
"md","adr-quality-readiness-checklist","tea","tea/workflows/testarch/bmad-testarch-nfr/resources/knowledge/adr-quality-readiness-checklist.md","34bf3460bd3218ce00efc148137f2dc67dfac2d69215c362978ca688e2fe4420"
"md","adr-quality-readiness-checklist","tea","tea/workflows/testarch/bmad-testarch-test-design/resources/knowledge/adr-quality-readiness-checklist.md","34bf3460bd3218ce00efc148137f2dc67dfac2d69215c362978ca688e2fe4420"
"md","adr-quality-readiness-checklist","tea","tea/workflows/testarch/bmad-testarch-test-review/resources/knowledge/adr-quality-readiness-checklist.md","34bf3460bd3218ce00efc148137f2dc67dfac2d69215c362978ca688e2fe4420"
"md","adr-quality-readiness-checklist","tea","tea/workflows/testarch/bmad-testarch-trace/resources/knowledge/adr-quality-readiness-checklist.md","34bf3460bd3218ce00efc148137f2dc67dfac2d69215c362978ca688e2fe4420"
"md","api-request","tea","tea/agents/bmad-tea/resources/knowledge/api-request.md","ec62463549c406685beec789c6e363a88bcf4b082eb1ea79a071d57d5bd32a9c"
"md","api-request","tea","tea/workflows/testarch/bmad-testarch-atdd/resources/knowledge/api-request.md","ec62463549c406685beec789c6e363a88bcf4b082eb1ea79a071d57d5bd32a9c"
"md","api-request","tea","tea/workflows/testarch/bmad-testarch-automate/resources/knowledge/api-request.md","ec62463549c406685beec789c6e363a88bcf4b082eb1ea79a071d57d5bd32a9c"
"md","api-request","tea","tea/workflows/testarch/bmad-testarch-ci/resources/knowledge/api-request.md","ec62463549c406685beec789c6e363a88bcf4b082eb1ea79a071d57d5bd32a9c"
"md","api-request","tea","tea/workflows/testarch/bmad-testarch-framework/resources/knowledge/api-request.md","ec62463549c406685beec789c6e363a88bcf4b082eb1ea79a071d57d5bd32a9c"
"md","api-request","tea","tea/workflows/testarch/bmad-testarch-nfr/resources/knowledge/api-request.md","ec62463549c406685beec789c6e363a88bcf4b082eb1ea79a071d57d5bd32a9c"
"md","api-request","tea","tea/workflows/testarch/bmad-testarch-test-design/resources/knowledge/api-request.md","ec62463549c406685beec789c6e363a88bcf4b082eb1ea79a071d57d5bd32a9c"
"md","api-request","tea","tea/workflows/testarch/bmad-testarch-test-review/resources/knowledge/api-request.md","ec62463549c406685beec789c6e363a88bcf4b082eb1ea79a071d57d5bd32a9c"
"md","api-request","tea","tea/workflows/testarch/bmad-testarch-trace/resources/knowledge/api-request.md","ec62463549c406685beec789c6e363a88bcf4b082eb1ea79a071d57d5bd32a9c"
"md","api-testing-patterns","tea","tea/agents/bmad-tea/resources/knowledge/api-testing-patterns.md","b9f90153a17cd5a1545a8693aff5088dd3c0261baf9a710f342cf3e62b60913c"
"md","api-testing-patterns","tea","tea/workflows/testarch/bmad-testarch-atdd/resources/knowledge/api-testing-patterns.md","b9f90153a17cd5a1545a8693aff5088dd3c0261baf9a710f342cf3e62b60913c"
"md","api-testing-patterns","tea","tea/workflows/testarch/bmad-testarch-automate/resources/knowledge/api-testing-patterns.md","b9f90153a17cd5a1545a8693aff5088dd3c0261baf9a710f342cf3e62b60913c"
"md","api-testing-patterns","tea","tea/workflows/testarch/bmad-testarch-ci/resources/knowledge/api-testing-patterns.md","b9f90153a17cd5a1545a8693aff5088dd3c0261baf9a710f342cf3e62b60913c"
"md","api-testing-patterns","tea","tea/workflows/testarch/bmad-testarch-framework/resources/knowledge/api-testing-patterns.md","b9f90153a17cd5a1545a8693aff5088dd3c0261baf9a710f342cf3e62b60913c"
"md","api-testing-patterns","tea","tea/workflows/testarch/bmad-testarch-nfr/resources/knowledge/api-testing-patterns.md","b9f90153a17cd5a1545a8693aff5088dd3c0261baf9a710f342cf3e62b60913c"
"md","api-testing-patterns","tea","tea/workflows/testarch/bmad-testarch-test-design/resources/knowledge/api-testing-patterns.md","b9f90153a17cd5a1545a8693aff5088dd3c0261baf9a710f342cf3e62b60913c"
"md","api-testing-patterns","tea","tea/workflows/testarch/bmad-testarch-test-review/resources/knowledge/api-testing-patterns.md","b9f90153a17cd5a1545a8693aff5088dd3c0261baf9a710f342cf3e62b60913c"
"md","api-testing-patterns","tea","tea/workflows/testarch/bmad-testarch-trace/resources/knowledge/api-testing-patterns.md","b9f90153a17cd5a1545a8693aff5088dd3c0261baf9a710f342cf3e62b60913c"
"md","atdd-checklist-template","tea","tea/workflows/testarch/bmad-testarch-atdd/atdd-checklist-template.md","6a9ba14f096a6e92135c9d3db164803c9571d9e4deeddc36708a025f5916a469"
"md","auth-session","tea","tea/agents/bmad-tea/resources/knowledge/auth-session.md","52c284351bff80dfd76823164065e11a8e64ebe9852d56aff9f5cc6c5daf91a8"
"md","auth-session","tea","tea/workflows/testarch/bmad-testarch-atdd/resources/knowledge/auth-session.md","52c284351bff80dfd76823164065e11a8e64ebe9852d56aff9f5cc6c5daf91a8"
"md","auth-session","tea","tea/workflows/testarch/bmad-testarch-automate/resources/knowledge/auth-session.md","52c284351bff80dfd76823164065e11a8e64ebe9852d56aff9f5cc6c5daf91a8"
"md","auth-session","tea","tea/workflows/testarch/bmad-testarch-ci/resources/knowledge/auth-session.md","52c284351bff80dfd76823164065e11a8e64ebe9852d56aff9f5cc6c5daf91a8"
"md","auth-session","tea","tea/workflows/testarch/bmad-testarch-framework/resources/knowledge/auth-session.md","52c284351bff80dfd76823164065e11a8e64ebe9852d56aff9f5cc6c5daf91a8"
"md","auth-session","tea","tea/workflows/testarch/bmad-testarch-nfr/resources/knowledge/auth-session.md","52c284351bff80dfd76823164065e11a8e64ebe9852d56aff9f5cc6c5daf91a8"
"md","auth-session","tea","tea/workflows/testarch/bmad-testarch-test-design/resources/knowledge/auth-session.md","52c284351bff80dfd76823164065e11a8e64ebe9852d56aff9f5cc6c5daf91a8"
"md","auth-session","tea","tea/workflows/testarch/bmad-testarch-test-review/resources/knowledge/auth-session.md","52c284351bff80dfd76823164065e11a8e64ebe9852d56aff9f5cc6c5daf91a8"
"md","auth-session","tea","tea/workflows/testarch/bmad-testarch-trace/resources/knowledge/auth-session.md","52c284351bff80dfd76823164065e11a8e64ebe9852d56aff9f5cc6c5daf91a8"
"md","burn-in","tea","tea/agents/bmad-tea/resources/knowledge/burn-in.md","e2d9e0f3a1072f24f07d0dc555af1e2e7c632257acf9bc9f957aba33e70483ec"
"md","burn-in","tea","tea/workflows/testarch/bmad-testarch-atdd/resources/knowledge/burn-in.md","e2d9e0f3a1072f24f07d0dc555af1e2e7c632257acf9bc9f957aba33e70483ec"
"md","burn-in","tea","tea/workflows/testarch/bmad-testarch-automate/resources/knowledge/burn-in.md","e2d9e0f3a1072f24f07d0dc555af1e2e7c632257acf9bc9f957aba33e70483ec"
"md","burn-in","tea","tea/workflows/testarch/bmad-testarch-ci/resources/knowledge/burn-in.md","e2d9e0f3a1072f24f07d0dc555af1e2e7c632257acf9bc9f957aba33e70483ec"
"md","burn-in","tea","tea/workflows/testarch/bmad-testarch-framework/resources/knowledge/burn-in.md","e2d9e0f3a1072f24f07d0dc555af1e2e7c632257acf9bc9f957aba33e70483ec"
"md","burn-in","tea","tea/workflows/testarch/bmad-testarch-nfr/resources/knowledge/burn-in.md","e2d9e0f3a1072f24f07d0dc555af1e2e7c632257acf9bc9f957aba33e70483ec"
"md","burn-in","tea","tea/workflows/testarch/bmad-testarch-test-design/resources/knowledge/burn-in.md","e2d9e0f3a1072f24f07d0dc555af1e2e7c632257acf9bc9f957aba33e70483ec"
"md","burn-in","tea","tea/workflows/testarch/bmad-testarch-test-review/resources/knowledge/burn-in.md","e2d9e0f3a1072f24f07d0dc555af1e2e7c632257acf9bc9f957aba33e70483ec"
"md","burn-in","tea","tea/workflows/testarch/bmad-testarch-trace/resources/knowledge/burn-in.md","e2d9e0f3a1072f24f07d0dc555af1e2e7c632257acf9bc9f957aba33e70483ec"
"md","certificate-template","tea","tea/workflows/testarch/bmad-teach-me-testing/templates/certificate-template.md","43131d02dbcdbc4e6ff241d72a8b6b30fa4168b375019f48dcbbcb0fd1ae0eb7"
"md","checklist","tea","tea/workflows/testarch/bmad-teach-me-testing/checklist.md","50eeb385a917f16606b0b60fbf90657b06fd57f50b217f632dd921f4ea42ae09"
"md","checklist","tea","tea/workflows/testarch/bmad-testarch-atdd/checklist.md","a33a144d331e642a1d514a9485bc820832b7e2e913ec0de8a72e5afa88bcde5b"
"md","checklist","tea","tea/workflows/testarch/bmad-testarch-automate/checklist.md","8fd2732067a62ab138d70f2c922c215199cf0db4e6c74c40acb1fa2b0880982a"
"md","checklist","tea","tea/workflows/testarch/bmad-testarch-ci/checklist.md","e0b04864e46012e7ffc5908cd95a929bbd1d4a3b63b6aef34b086af7a4bc7b1e"
"md","checklist","tea","tea/workflows/testarch/bmad-testarch-framework/checklist.md","75b8ec622b646c4647f176731713f1964ea6e08f42724f3a655408372d226aef"
"md","checklist","tea","tea/workflows/testarch/bmad-testarch-nfr/checklist.md","e37368b559bcafcac645d150f3202dd8ac2f067c8186ef6f51bc3a5716187642"
"md","checklist","tea","tea/workflows/testarch/bmad-testarch-test-design/checklist.md","634e48394ca367e2438d1fc72acf2bda941ce6a581335b6d02c270948e58f193"
"md","checklist","tea","tea/workflows/testarch/bmad-testarch-test-review/checklist.md","e12ca8ec7ef38b77196d5e5483988d99a21c11cdd15104f7558986a57115183c"
"md","checklist","tea","tea/workflows/testarch/bmad-testarch-trace/checklist.md","a47a41d251c1c69531389954c35586e95d128c152c4527abc1b0e7c4a46c2ffc"
"md","ci-burn-in","tea","tea/agents/bmad-tea/resources/knowledge/ci-burn-in.md","4b16166d59e74d29a6a9f5a17f84245505d7d9ce47b17138c7a44d885b7eaa5c"
"md","ci-burn-in","tea","tea/workflows/testarch/bmad-testarch-atdd/resources/knowledge/ci-burn-in.md","4b16166d59e74d29a6a9f5a17f84245505d7d9ce47b17138c7a44d885b7eaa5c"
"md","ci-burn-in","tea","tea/workflows/testarch/bmad-testarch-automate/resources/knowledge/ci-burn-in.md","4b16166d59e74d29a6a9f5a17f84245505d7d9ce47b17138c7a44d885b7eaa5c"
"md","ci-burn-in","tea","tea/workflows/testarch/bmad-testarch-ci/resources/knowledge/ci-burn-in.md","4b16166d59e74d29a6a9f5a17f84245505d7d9ce47b17138c7a44d885b7eaa5c"
"md","ci-burn-in","tea","tea/workflows/testarch/bmad-testarch-framework/resources/knowledge/ci-burn-in.md","4b16166d59e74d29a6a9f5a17f84245505d7d9ce47b17138c7a44d885b7eaa5c"
"md","ci-burn-in","tea","tea/workflows/testarch/bmad-testarch-nfr/resources/knowledge/ci-burn-in.md","4b16166d59e74d29a6a9f5a17f84245505d7d9ce47b17138c7a44d885b7eaa5c"
"md","ci-burn-in","tea","tea/workflows/testarch/bmad-testarch-test-design/resources/knowledge/ci-burn-in.md","4b16166d59e74d29a6a9f5a17f84245505d7d9ce47b17138c7a44d885b7eaa5c"
"md","ci-burn-in","tea","tea/workflows/testarch/bmad-testarch-test-review/resources/knowledge/ci-burn-in.md","4b16166d59e74d29a6a9f5a17f84245505d7d9ce47b17138c7a44d885b7eaa5c"
"md","ci-burn-in","tea","tea/workflows/testarch/bmad-testarch-trace/resources/knowledge/ci-burn-in.md","4b16166d59e74d29a6a9f5a17f84245505d7d9ce47b17138c7a44d885b7eaa5c"
"md","component-tdd","tea","tea/agents/bmad-tea/resources/knowledge/component-tdd.md","1acb4c48b2f924f60ed6784955597c17120466d5dc24d2e43e4b0a1bd0e61aae"
"md","component-tdd","tea","tea/workflows/testarch/bmad-testarch-atdd/resources/knowledge/component-tdd.md","1acb4c48b2f924f60ed6784955597c17120466d5dc24d2e43e4b0a1bd0e61aae"
"md","component-tdd","tea","tea/workflows/testarch/bmad-testarch-automate/resources/knowledge/component-tdd.md","1acb4c48b2f924f60ed6784955597c17120466d5dc24d2e43e4b0a1bd0e61aae"
"md","component-tdd","tea","tea/workflows/testarch/bmad-testarch-ci/resources/knowledge/component-tdd.md","1acb4c48b2f924f60ed6784955597c17120466d5dc24d2e43e4b0a1bd0e61aae"
"md","component-tdd","tea","tea/workflows/testarch/bmad-testarch-framework/resources/knowledge/component-tdd.md","1acb4c48b2f924f60ed6784955597c17120466d5dc24d2e43e4b0a1bd0e61aae"
"md","component-tdd","tea","tea/workflows/testarch/bmad-testarch-nfr/resources/knowledge/component-tdd.md","1acb4c48b2f924f60ed6784955597c17120466d5dc24d2e43e4b0a1bd0e61aae"
"md","component-tdd","tea","tea/workflows/testarch/bmad-testarch-test-design/resources/knowledge/component-tdd.md","1acb4c48b2f924f60ed6784955597c17120466d5dc24d2e43e4b0a1bd0e61aae"
"md","component-tdd","tea","tea/workflows/testarch/bmad-testarch-test-review/resources/knowledge/component-tdd.md","1acb4c48b2f924f60ed6784955597c17120466d5dc24d2e43e4b0a1bd0e61aae"
"md","component-tdd","tea","tea/workflows/testarch/bmad-testarch-trace/resources/knowledge/component-tdd.md","1acb4c48b2f924f60ed6784955597c17120466d5dc24d2e43e4b0a1bd0e61aae"
"md","contract-testing","tea","tea/agents/bmad-tea/resources/knowledge/contract-testing.md","55080c713b0ab57164d67538c216f92a833abc43925357030ea2d448d81ec2f1"
"md","contract-testing","tea","tea/workflows/testarch/bmad-testarch-atdd/resources/knowledge/contract-testing.md","55080c713b0ab57164d67538c216f92a833abc43925357030ea2d448d81ec2f1"
"md","contract-testing","tea","tea/workflows/testarch/bmad-testarch-automate/resources/knowledge/contract-testing.md","55080c713b0ab57164d67538c216f92a833abc43925357030ea2d448d81ec2f1"
"md","contract-testing","tea","tea/workflows/testarch/bmad-testarch-ci/resources/knowledge/contract-testing.md","55080c713b0ab57164d67538c216f92a833abc43925357030ea2d448d81ec2f1"
"md","contract-testing","tea","tea/workflows/testarch/bmad-testarch-framework/resources/knowledge/contract-testing.md","55080c713b0ab57164d67538c216f92a833abc43925357030ea2d448d81ec2f1"
"md","contract-testing","tea","tea/workflows/testarch/bmad-testarch-nfr/resources/knowledge/contract-testing.md","55080c713b0ab57164d67538c216f92a833abc43925357030ea2d448d81ec2f1"
"md","contract-testing","tea","tea/workflows/testarch/bmad-testarch-test-design/resources/knowledge/contract-testing.md","55080c713b0ab57164d67538c216f92a833abc43925357030ea2d448d81ec2f1"
"md","contract-testing","tea","tea/workflows/testarch/bmad-testarch-test-review/resources/knowledge/contract-testing.md","55080c713b0ab57164d67538c216f92a833abc43925357030ea2d448d81ec2f1"
"md","contract-testing","tea","tea/workflows/testarch/bmad-testarch-trace/resources/knowledge/contract-testing.md","55080c713b0ab57164d67538c216f92a833abc43925357030ea2d448d81ec2f1"
"md","data-factories","tea","tea/agents/bmad-tea/resources/knowledge/data-factories.md","c98dab79a9064d45402dbe0a5c25a1d82b53557c56e3f142023bf907e2b98d53"
"md","data-factories","tea","tea/workflows/testarch/bmad-testarch-atdd/resources/knowledge/data-factories.md","c98dab79a9064d45402dbe0a5c25a1d82b53557c56e3f142023bf907e2b98d53"
"md","data-factories","tea","tea/workflows/testarch/bmad-testarch-automate/resources/knowledge/data-factories.md","c98dab79a9064d45402dbe0a5c25a1d82b53557c56e3f142023bf907e2b98d53"
"md","data-factories","tea","tea/workflows/testarch/bmad-testarch-ci/resources/knowledge/data-factories.md","c98dab79a9064d45402dbe0a5c25a1d82b53557c56e3f142023bf907e2b98d53"
"md","data-factories","tea","tea/workflows/testarch/bmad-testarch-framework/resources/knowledge/data-factories.md","c98dab79a9064d45402dbe0a5c25a1d82b53557c56e3f142023bf907e2b98d53"
"md","data-factories","tea","tea/workflows/testarch/bmad-testarch-nfr/resources/knowledge/data-factories.md","c98dab79a9064d45402dbe0a5c25a1d82b53557c56e3f142023bf907e2b98d53"
"md","data-factories","tea","tea/workflows/testarch/bmad-testarch-test-design/resources/knowledge/data-factories.md","c98dab79a9064d45402dbe0a5c25a1d82b53557c56e3f142023bf907e2b98d53"
"md","data-factories","tea","tea/workflows/testarch/bmad-testarch-test-review/resources/knowledge/data-factories.md","c98dab79a9064d45402dbe0a5c25a1d82b53557c56e3f142023bf907e2b98d53"
"md","data-factories","tea","tea/workflows/testarch/bmad-testarch-trace/resources/knowledge/data-factories.md","c98dab79a9064d45402dbe0a5c25a1d82b53557c56e3f142023bf907e2b98d53"
"md","email-auth","tea","tea/agents/bmad-tea/resources/knowledge/email-auth.md","1265f30cdd7b85f164769abf4f6ea86b6abec3acd90653e646a9c9ee17176963"
"md","email-auth","tea","tea/workflows/testarch/bmad-testarch-atdd/resources/knowledge/email-auth.md","1265f30cdd7b85f164769abf4f6ea86b6abec3acd90653e646a9c9ee17176963"
"md","email-auth","tea","tea/workflows/testarch/bmad-testarch-automate/resources/knowledge/email-auth.md","1265f30cdd7b85f164769abf4f6ea86b6abec3acd90653e646a9c9ee17176963"
"md","email-auth","tea","tea/workflows/testarch/bmad-testarch-ci/resources/knowledge/email-auth.md","1265f30cdd7b85f164769abf4f6ea86b6abec3acd90653e646a9c9ee17176963"
"md","email-auth","tea","tea/workflows/testarch/bmad-testarch-framework/resources/knowledge/email-auth.md","1265f30cdd7b85f164769abf4f6ea86b6abec3acd90653e646a9c9ee17176963"
"md","email-auth","tea","tea/workflows/testarch/bmad-testarch-nfr/resources/knowledge/email-auth.md","1265f30cdd7b85f164769abf4f6ea86b6abec3acd90653e646a9c9ee17176963"
"md","email-auth","tea","tea/workflows/testarch/bmad-testarch-test-design/resources/knowledge/email-auth.md","1265f30cdd7b85f164769abf4f6ea86b6abec3acd90653e646a9c9ee17176963"
"md","email-auth","tea","tea/workflows/testarch/bmad-testarch-test-review/resources/knowledge/email-auth.md","1265f30cdd7b85f164769abf4f6ea86b6abec3acd90653e646a9c9ee17176963"
"md","email-auth","tea","tea/workflows/testarch/bmad-testarch-trace/resources/knowledge/email-auth.md","1265f30cdd7b85f164769abf4f6ea86b6abec3acd90653e646a9c9ee17176963"
"md","error-handling","tea","tea/agents/bmad-tea/resources/knowledge/error-handling.md","9122f09fed1f52a679cb513d5d3c7c93c66e9021ee58e99fd66692e50db28be4"
"md","error-handling","tea","tea/workflows/testarch/bmad-testarch-atdd/resources/knowledge/error-handling.md","9122f09fed1f52a679cb513d5d3c7c93c66e9021ee58e99fd66692e50db28be4"
"md","error-handling","tea","tea/workflows/testarch/bmad-testarch-automate/resources/knowledge/error-handling.md","9122f09fed1f52a679cb513d5d3c7c93c66e9021ee58e99fd66692e50db28be4"
"md","error-handling","tea","tea/workflows/testarch/bmad-testarch-ci/resources/knowledge/error-handling.md","9122f09fed1f52a679cb513d5d3c7c93c66e9021ee58e99fd66692e50db28be4"
"md","error-handling","tea","tea/workflows/testarch/bmad-testarch-framework/resources/knowledge/error-handling.md","9122f09fed1f52a679cb513d5d3c7c93c66e9021ee58e99fd66692e50db28be4"
"md","error-handling","tea","tea/workflows/testarch/bmad-testarch-nfr/resources/knowledge/error-handling.md","9122f09fed1f52a679cb513d5d3c7c93c66e9021ee58e99fd66692e50db28be4"
"md","error-handling","tea","tea/workflows/testarch/bmad-testarch-test-design/resources/knowledge/error-handling.md","9122f09fed1f52a679cb513d5d3c7c93c66e9021ee58e99fd66692e50db28be4"
"md","error-handling","tea","tea/workflows/testarch/bmad-testarch-test-review/resources/knowledge/error-handling.md","9122f09fed1f52a679cb513d5d3c7c93c66e9021ee58e99fd66692e50db28be4"
"md","error-handling","tea","tea/workflows/testarch/bmad-testarch-trace/resources/knowledge/error-handling.md","9122f09fed1f52a679cb513d5d3c7c93c66e9021ee58e99fd66692e50db28be4"
"md","feature-flags","tea","tea/agents/bmad-tea/resources/knowledge/feature-flags.md","37286f0ab1ce44e6d6708cea3118be628e79ca7afdda9cb3084c3d86e07f2f6d"
"md","feature-flags","tea","tea/workflows/testarch/bmad-testarch-atdd/resources/knowledge/feature-flags.md","37286f0ab1ce44e6d6708cea3118be628e79ca7afdda9cb3084c3d86e07f2f6d"
"md","feature-flags","tea","tea/workflows/testarch/bmad-testarch-automate/resources/knowledge/feature-flags.md","37286f0ab1ce44e6d6708cea3118be628e79ca7afdda9cb3084c3d86e07f2f6d"
"md","feature-flags","tea","tea/workflows/testarch/bmad-testarch-ci/resources/knowledge/feature-flags.md","37286f0ab1ce44e6d6708cea3118be628e79ca7afdda9cb3084c3d86e07f2f6d"
"md","feature-flags","tea","tea/workflows/testarch/bmad-testarch-framework/resources/knowledge/feature-flags.md","37286f0ab1ce44e6d6708cea3118be628e79ca7afdda9cb3084c3d86e07f2f6d"
"md","feature-flags","tea","tea/workflows/testarch/bmad-testarch-nfr/resources/knowledge/feature-flags.md","37286f0ab1ce44e6d6708cea3118be628e79ca7afdda9cb3084c3d86e07f2f6d"
"md","feature-flags","tea","tea/workflows/testarch/bmad-testarch-test-design/resources/knowledge/feature-flags.md","37286f0ab1ce44e6d6708cea3118be628e79ca7afdda9cb3084c3d86e07f2f6d"
"md","feature-flags","tea","tea/workflows/testarch/bmad-testarch-test-review/resources/knowledge/feature-flags.md","37286f0ab1ce44e6d6708cea3118be628e79ca7afdda9cb3084c3d86e07f2f6d"
"md","feature-flags","tea","tea/workflows/testarch/bmad-testarch-trace/resources/knowledge/feature-flags.md","37286f0ab1ce44e6d6708cea3118be628e79ca7afdda9cb3084c3d86e07f2f6d"
"md","file-utils","tea","tea/agents/bmad-tea/resources/knowledge/file-utils.md","f348141dc7c2fd75712bdf0074ba292469dd54be20b786a893d21cd85a0f6f0e"
"md","file-utils","tea","tea/workflows/testarch/bmad-testarch-atdd/resources/knowledge/file-utils.md","f348141dc7c2fd75712bdf0074ba292469dd54be20b786a893d21cd85a0f6f0e"
"md","file-utils","tea","tea/workflows/testarch/bmad-testarch-automate/resources/knowledge/file-utils.md","f348141dc7c2fd75712bdf0074ba292469dd54be20b786a893d21cd85a0f6f0e"
"md","file-utils","tea","tea/workflows/testarch/bmad-testarch-ci/resources/knowledge/file-utils.md","f348141dc7c2fd75712bdf0074ba292469dd54be20b786a893d21cd85a0f6f0e"
"md","file-utils","tea","tea/workflows/testarch/bmad-testarch-framework/resources/knowledge/file-utils.md","f348141dc7c2fd75712bdf0074ba292469dd54be20b786a893d21cd85a0f6f0e"
"md","file-utils","tea","tea/workflows/testarch/bmad-testarch-nfr/resources/knowledge/file-utils.md","f348141dc7c2fd75712bdf0074ba292469dd54be20b786a893d21cd85a0f6f0e"
"md","file-utils","tea","tea/workflows/testarch/bmad-testarch-test-design/resources/knowledge/file-utils.md","f348141dc7c2fd75712bdf0074ba292469dd54be20b786a893d21cd85a0f6f0e"
"md","file-utils","tea","tea/workflows/testarch/bmad-testarch-test-review/resources/knowledge/file-utils.md","f348141dc7c2fd75712bdf0074ba292469dd54be20b786a893d21cd85a0f6f0e"
"md","file-utils","tea","tea/workflows/testarch/bmad-testarch-trace/resources/knowledge/file-utils.md","f348141dc7c2fd75712bdf0074ba292469dd54be20b786a893d21cd85a0f6f0e"
"md","fixture-architecture","tea","tea/agents/bmad-tea/resources/knowledge/fixture-architecture.md","636a022ba08faad496c24fdbef2ddff9081a03b608fa6eadd4301e5ebbb1cd0c"
"md","fixture-architecture","tea","tea/workflows/testarch/bmad-testarch-atdd/resources/knowledge/fixture-architecture.md","636a022ba08faad496c24fdbef2ddff9081a03b608fa6eadd4301e5ebbb1cd0c"
"md","fixture-architecture","tea","tea/workflows/testarch/bmad-testarch-automate/resources/knowledge/fixture-architecture.md","636a022ba08faad496c24fdbef2ddff9081a03b608fa6eadd4301e5ebbb1cd0c"
"md","fixture-architecture","tea","tea/workflows/testarch/bmad-testarch-ci/resources/knowledge/fixture-architecture.md","636a022ba08faad496c24fdbef2ddff9081a03b608fa6eadd4301e5ebbb1cd0c"
"md","fixture-architecture","tea","tea/workflows/testarch/bmad-testarch-framework/resources/knowledge/fixture-architecture.md","636a022ba08faad496c24fdbef2ddff9081a03b608fa6eadd4301e5ebbb1cd0c"
"md","fixture-architecture","tea","tea/workflows/testarch/bmad-testarch-nfr/resources/knowledge/fixture-architecture.md","636a022ba08faad496c24fdbef2ddff9081a03b608fa6eadd4301e5ebbb1cd0c"
"md","fixture-architecture","tea","tea/workflows/testarch/bmad-testarch-test-design/resources/knowledge/fixture-architecture.md","636a022ba08faad496c24fdbef2ddff9081a03b608fa6eadd4301e5ebbb1cd0c"
"md","fixture-architecture","tea","tea/workflows/testarch/bmad-testarch-test-review/resources/knowledge/fixture-architecture.md","636a022ba08faad496c24fdbef2ddff9081a03b608fa6eadd4301e5ebbb1cd0c"
"md","fixture-architecture","tea","tea/workflows/testarch/bmad-testarch-trace/resources/knowledge/fixture-architecture.md","636a022ba08faad496c24fdbef2ddff9081a03b608fa6eadd4301e5ebbb1cd0c"
"md","fixtures-composition","tea","tea/agents/bmad-tea/resources/knowledge/fixtures-composition.md","5031a64c2b00784b9a0dcb18eaf2beb7f9a8a0d7727acfd0e27430b316e696f1"
"md","fixtures-composition","tea","tea/workflows/testarch/bmad-testarch-atdd/resources/knowledge/fixtures-composition.md","5031a64c2b00784b9a0dcb18eaf2beb7f9a8a0d7727acfd0e27430b316e696f1"
"md","fixtures-composition","tea","tea/workflows/testarch/bmad-testarch-automate/resources/knowledge/fixtures-composition.md","5031a64c2b00784b9a0dcb18eaf2beb7f9a8a0d7727acfd0e27430b316e696f1"
"md","fixtures-composition","tea","tea/workflows/testarch/bmad-testarch-ci/resources/knowledge/fixtures-composition.md","5031a64c2b00784b9a0dcb18eaf2beb7f9a8a0d7727acfd0e27430b316e696f1"
"md","fixtures-composition","tea","tea/workflows/testarch/bmad-testarch-framework/resources/knowledge/fixtures-composition.md","5031a64c2b00784b9a0dcb18eaf2beb7f9a8a0d7727acfd0e27430b316e696f1"
"md","fixtures-composition","tea","tea/workflows/testarch/bmad-testarch-nfr/resources/knowledge/fixtures-composition.md","5031a64c2b00784b9a0dcb18eaf2beb7f9a8a0d7727acfd0e27430b316e696f1"
"md","fixtures-composition","tea","tea/workflows/testarch/bmad-testarch-test-design/resources/knowledge/fixtures-composition.md","5031a64c2b00784b9a0dcb18eaf2beb7f9a8a0d7727acfd0e27430b316e696f1"
"md","fixtures-composition","tea","tea/workflows/testarch/bmad-testarch-test-review/resources/knowledge/fixtures-composition.md","5031a64c2b00784b9a0dcb18eaf2beb7f9a8a0d7727acfd0e27430b316e696f1"
"md","fixtures-composition","tea","tea/workflows/testarch/bmad-testarch-trace/resources/knowledge/fixtures-composition.md","5031a64c2b00784b9a0dcb18eaf2beb7f9a8a0d7727acfd0e27430b316e696f1"
"md","instructions","tea","tea/workflows/testarch/bmad-teach-me-testing/instructions.md","c3822bc5c89b8da5d048ce523f11e2f1423f31c11016226c2773af42ef96df9e"
"md","instructions","tea","tea/workflows/testarch/bmad-testarch-atdd/instructions.md","6e55a0914ff2242f910275a2a76877b381728262d7acc1e17e83680268b594c6"
"md","instructions","tea","tea/workflows/testarch/bmad-testarch-automate/instructions.md","728d9d25db4322c4a2e5b332654ab7a20b764a390ae658b87968b76ab6d61088"
"md","instructions","tea","tea/workflows/testarch/bmad-testarch-ci/instructions.md","4df75b858fd4be68afe4281e9ebab4a5667b7e2e41f15ad16d9b92386fc0a274"
"md","instructions","tea","tea/workflows/testarch/bmad-testarch-framework/instructions.md","ecd990e4e3c0edb00c6d87d6dab7bce91ffcf0b026dbf56567aad44d5205488b"
"md","instructions","tea","tea/workflows/testarch/bmad-testarch-nfr/instructions.md","3f04f3a22a9c11a5dad9d39548ea37a8019945458e800e5c7a2fd8ac85f619f3"
"md","instructions","tea","tea/workflows/testarch/bmad-testarch-test-design/instructions.md","97402ecc4d5aafb70e3ff9b13f782611a4172585a89d7625c0210cb5ca3d04f7"
"md","instructions","tea","tea/workflows/testarch/bmad-testarch-test-review/instructions.md","6cbe1eda5ded309e0a4d571abc8bdec8b93d59f6d7f4b721ed722cf90e6654a8"
"md","instructions","tea","tea/workflows/testarch/bmad-testarch-trace/instructions.md","c69373a4c3b498b9cc6c1cdb7fa824c72fe52768a3cfc4c7e507215071e336e9"
"md","intercept-network-call","tea","tea/agents/bmad-tea/resources/knowledge/intercept-network-call.md","47c84d6091054f576a190b01b985ed5914880cd6a9c728458a3812c67185f268"
"md","intercept-network-call","tea","tea/workflows/testarch/bmad-testarch-atdd/resources/knowledge/intercept-network-call.md","47c84d6091054f576a190b01b985ed5914880cd6a9c728458a3812c67185f268"
"md","intercept-network-call","tea","tea/workflows/testarch/bmad-testarch-automate/resources/knowledge/intercept-network-call.md","47c84d6091054f576a190b01b985ed5914880cd6a9c728458a3812c67185f268"
"md","intercept-network-call","tea","tea/workflows/testarch/bmad-testarch-ci/resources/knowledge/intercept-network-call.md","47c84d6091054f576a190b01b985ed5914880cd6a9c728458a3812c67185f268"
"md","intercept-network-call","tea","tea/workflows/testarch/bmad-testarch-framework/resources/knowledge/intercept-network-call.md","47c84d6091054f576a190b01b985ed5914880cd6a9c728458a3812c67185f268"
"md","intercept-network-call","tea","tea/workflows/testarch/bmad-testarch-nfr/resources/knowledge/intercept-network-call.md","47c84d6091054f576a190b01b985ed5914880cd6a9c728458a3812c67185f268"
"md","intercept-network-call","tea","tea/workflows/testarch/bmad-testarch-test-design/resources/knowledge/intercept-network-call.md","47c84d6091054f576a190b01b985ed5914880cd6a9c728458a3812c67185f268"
"md","intercept-network-call","tea","tea/workflows/testarch/bmad-testarch-test-review/resources/knowledge/intercept-network-call.md","47c84d6091054f576a190b01b985ed5914880cd6a9c728458a3812c67185f268"
"md","intercept-network-call","tea","tea/workflows/testarch/bmad-testarch-trace/resources/knowledge/intercept-network-call.md","47c84d6091054f576a190b01b985ed5914880cd6a9c728458a3812c67185f268"
"md","log","tea","tea/agents/bmad-tea/resources/knowledge/log.md","76966ff3bd15e5afa47ab71decc1b7c0a65f7ea7751ac5a9196ba3c0e9e0e6cb"
"md","log","tea","tea/workflows/testarch/bmad-testarch-atdd/resources/knowledge/log.md","76966ff3bd15e5afa47ab71decc1b7c0a65f7ea7751ac5a9196ba3c0e9e0e6cb"
"md","log","tea","tea/workflows/testarch/bmad-testarch-automate/resources/knowledge/log.md","76966ff3bd15e5afa47ab71decc1b7c0a65f7ea7751ac5a9196ba3c0e9e0e6cb"
"md","log","tea","tea/workflows/testarch/bmad-testarch-ci/resources/knowledge/log.md","76966ff3bd15e5afa47ab71decc1b7c0a65f7ea7751ac5a9196ba3c0e9e0e6cb"
"md","log","tea","tea/workflows/testarch/bmad-testarch-framework/resources/knowledge/log.md","76966ff3bd15e5afa47ab71decc1b7c0a65f7ea7751ac5a9196ba3c0e9e0e6cb"
"md","log","tea","tea/workflows/testarch/bmad-testarch-nfr/resources/knowledge/log.md","76966ff3bd15e5afa47ab71decc1b7c0a65f7ea7751ac5a9196ba3c0e9e0e6cb"
"md","log","tea","tea/workflows/testarch/bmad-testarch-test-design/resources/knowledge/log.md","76966ff3bd15e5afa47ab71decc1b7c0a65f7ea7751ac5a9196ba3c0e9e0e6cb"
"md","log","tea","tea/workflows/testarch/bmad-testarch-test-review/resources/knowledge/log.md","76966ff3bd15e5afa47ab71decc1b7c0a65f7ea7751ac5a9196ba3c0e9e0e6cb"
"md","log","tea","tea/workflows/testarch/bmad-testarch-trace/resources/knowledge/log.md","76966ff3bd15e5afa47ab71decc1b7c0a65f7ea7751ac5a9196ba3c0e9e0e6cb"
"md","network-error-monitor","tea","tea/agents/bmad-tea/resources/knowledge/network-error-monitor.md","4c517d05583bac0fb4b92413b4daee814c87de37ca41f39149864f688c25f67c"
"md","network-error-monitor","tea","tea/workflows/testarch/bmad-testarch-atdd/resources/knowledge/network-error-monitor.md","4c517d05583bac0fb4b92413b4daee814c87de37ca41f39149864f688c25f67c"
"md","network-error-monitor","tea","tea/workflows/testarch/bmad-testarch-automate/resources/knowledge/network-error-monitor.md","4c517d05583bac0fb4b92413b4daee814c87de37ca41f39149864f688c25f67c"
"md","network-error-monitor","tea","tea/workflows/testarch/bmad-testarch-ci/resources/knowledge/network-error-monitor.md","4c517d05583bac0fb4b92413b4daee814c87de37ca41f39149864f688c25f67c"
"md","network-error-monitor","tea","tea/workflows/testarch/bmad-testarch-framework/resources/knowledge/network-error-monitor.md","4c517d05583bac0fb4b92413b4daee814c87de37ca41f39149864f688c25f67c"
"md","network-error-monitor","tea","tea/workflows/testarch/bmad-testarch-nfr/resources/knowledge/network-error-monitor.md","4c517d05583bac0fb4b92413b4daee814c87de37ca41f39149864f688c25f67c"
"md","network-error-monitor","tea","tea/workflows/testarch/bmad-testarch-test-design/resources/knowledge/network-error-monitor.md","4c517d05583bac0fb4b92413b4daee814c87de37ca41f39149864f688c25f67c"
"md","network-error-monitor","tea","tea/workflows/testarch/bmad-testarch-test-review/resources/knowledge/network-error-monitor.md","4c517d05583bac0fb4b92413b4daee814c87de37ca41f39149864f688c25f67c"
"md","network-error-monitor","tea","tea/workflows/testarch/bmad-testarch-trace/resources/knowledge/network-error-monitor.md","4c517d05583bac0fb4b92413b4daee814c87de37ca41f39149864f688c25f67c"
"md","network-first","tea","tea/agents/bmad-tea/resources/knowledge/network-first.md","257fe61ec77020d024f7ddf4f6c5c965f6c4632a469d942278c7337abc8621b7"
"md","network-first","tea","tea/workflows/testarch/bmad-testarch-atdd/resources/knowledge/network-first.md","257fe61ec77020d024f7ddf4f6c5c965f6c4632a469d942278c7337abc8621b7"
"md","network-first","tea","tea/workflows/testarch/bmad-testarch-automate/resources/knowledge/network-first.md","257fe61ec77020d024f7ddf4f6c5c965f6c4632a469d942278c7337abc8621b7"
"md","network-first","tea","tea/workflows/testarch/bmad-testarch-ci/resources/knowledge/network-first.md","257fe61ec77020d024f7ddf4f6c5c965f6c4632a469d942278c7337abc8621b7"
"md","network-first","tea","tea/workflows/testarch/bmad-testarch-framework/resources/knowledge/network-first.md","257fe61ec77020d024f7ddf4f6c5c965f6c4632a469d942278c7337abc8621b7"
"md","network-first","tea","tea/workflows/testarch/bmad-testarch-nfr/resources/knowledge/network-first.md","257fe61ec77020d024f7ddf4f6c5c965f6c4632a469d942278c7337abc8621b7"
"md","network-first","tea","tea/workflows/testarch/bmad-testarch-test-design/resources/knowledge/network-first.md","257fe61ec77020d024f7ddf4f6c5c965f6c4632a469d942278c7337abc8621b7"
"md","network-first","tea","tea/workflows/testarch/bmad-testarch-test-review/resources/knowledge/network-first.md","257fe61ec77020d024f7ddf4f6c5c965f6c4632a469d942278c7337abc8621b7"
"md","network-first","tea","tea/workflows/testarch/bmad-testarch-trace/resources/knowledge/network-first.md","257fe61ec77020d024f7ddf4f6c5c965f6c4632a469d942278c7337abc8621b7"
"md","network-recorder","tea","tea/agents/bmad-tea/resources/knowledge/network-recorder.md","d0ae003638655c8f26a36bbccc06bf362302116979ea88c1c15e89753714c059"
"md","network-recorder","tea","tea/workflows/testarch/bmad-testarch-atdd/resources/knowledge/network-recorder.md","d0ae003638655c8f26a36bbccc06bf362302116979ea88c1c15e89753714c059"
"md","network-recorder","tea","tea/workflows/testarch/bmad-testarch-automate/resources/knowledge/network-recorder.md","d0ae003638655c8f26a36bbccc06bf362302116979ea88c1c15e89753714c059"
"md","network-recorder","tea","tea/workflows/testarch/bmad-testarch-ci/resources/knowledge/network-recorder.md","d0ae003638655c8f26a36bbccc06bf362302116979ea88c1c15e89753714c059"
"md","network-recorder","tea","tea/workflows/testarch/bmad-testarch-framework/resources/knowledge/network-recorder.md","d0ae003638655c8f26a36bbccc06bf362302116979ea88c1c15e89753714c059"
"md","network-recorder","tea","tea/workflows/testarch/bmad-testarch-nfr/resources/knowledge/network-recorder.md","d0ae003638655c8f26a36bbccc06bf362302116979ea88c1c15e89753714c059"
"md","network-recorder","tea","tea/workflows/testarch/bmad-testarch-test-design/resources/knowledge/network-recorder.md","d0ae003638655c8f26a36bbccc06bf362302116979ea88c1c15e89753714c059"
"md","network-recorder","tea","tea/workflows/testarch/bmad-testarch-test-review/resources/knowledge/network-recorder.md","d0ae003638655c8f26a36bbccc06bf362302116979ea88c1c15e89753714c059"
"md","network-recorder","tea","tea/workflows/testarch/bmad-testarch-trace/resources/knowledge/network-recorder.md","d0ae003638655c8f26a36bbccc06bf362302116979ea88c1c15e89753714c059"
"md","nfr-criteria","tea","tea/agents/bmad-tea/resources/knowledge/nfr-criteria.md","5d5f9acfeb6a98f2ef7ee8707bbac3ab37d9c191c443c1e944dee70cf3f9963a"
"md","nfr-criteria","tea","tea/workflows/testarch/bmad-testarch-atdd/resources/knowledge/nfr-criteria.md","5d5f9acfeb6a98f2ef7ee8707bbac3ab37d9c191c443c1e944dee70cf3f9963a"
"md","nfr-criteria","tea","tea/workflows/testarch/bmad-testarch-automate/resources/knowledge/nfr-criteria.md","5d5f9acfeb6a98f2ef7ee8707bbac3ab37d9c191c443c1e944dee70cf3f9963a"
"md","nfr-criteria","tea","tea/workflows/testarch/bmad-testarch-ci/resources/knowledge/nfr-criteria.md","5d5f9acfeb6a98f2ef7ee8707bbac3ab37d9c191c443c1e944dee70cf3f9963a"
"md","nfr-criteria","tea","tea/workflows/testarch/bmad-testarch-framework/resources/knowledge/nfr-criteria.md","5d5f9acfeb6a98f2ef7ee8707bbac3ab37d9c191c443c1e944dee70cf3f9963a"
"md","nfr-criteria","tea","tea/workflows/testarch/bmad-testarch-nfr/resources/knowledge/nfr-criteria.md","5d5f9acfeb6a98f2ef7ee8707bbac3ab37d9c191c443c1e944dee70cf3f9963a"
"md","nfr-criteria","tea","tea/workflows/testarch/bmad-testarch-test-design/resources/knowledge/nfr-criteria.md","5d5f9acfeb6a98f2ef7ee8707bbac3ab37d9c191c443c1e944dee70cf3f9963a"
"md","nfr-criteria","tea","tea/workflows/testarch/bmad-testarch-test-review/resources/knowledge/nfr-criteria.md","5d5f9acfeb6a98f2ef7ee8707bbac3ab37d9c191c443c1e944dee70cf3f9963a"
"md","nfr-criteria","tea","tea/workflows/testarch/bmad-testarch-trace/resources/knowledge/nfr-criteria.md","5d5f9acfeb6a98f2ef7ee8707bbac3ab37d9c191c443c1e944dee70cf3f9963a"
"md","nfr-report-template","tea","tea/workflows/testarch/bmad-testarch-nfr/nfr-report-template.md","2ea61f39299a1c8a52e053721f57deb0bd054bd6e75c6e21fe9d2b5c5f4d21ec"
"md","overview","tea","tea/agents/bmad-tea/resources/knowledge/overview.md","dfd5bd12b7dd4a347d01fc659745aafd192c0b2e5fd9ec6424f0035355a82aae"
"md","overview","tea","tea/workflows/testarch/bmad-testarch-atdd/resources/knowledge/overview.md","dfd5bd12b7dd4a347d01fc659745aafd192c0b2e5fd9ec6424f0035355a82aae"
"md","overview","tea","tea/workflows/testarch/bmad-testarch-automate/resources/knowledge/overview.md","dfd5bd12b7dd4a347d01fc659745aafd192c0b2e5fd9ec6424f0035355a82aae"
"md","overview","tea","tea/workflows/testarch/bmad-testarch-ci/resources/knowledge/overview.md","dfd5bd12b7dd4a347d01fc659745aafd192c0b2e5fd9ec6424f0035355a82aae"
"md","overview","tea","tea/workflows/testarch/bmad-testarch-framework/resources/knowledge/overview.md","dfd5bd12b7dd4a347d01fc659745aafd192c0b2e5fd9ec6424f0035355a82aae"
"md","overview","tea","tea/workflows/testarch/bmad-testarch-nfr/resources/knowledge/overview.md","dfd5bd12b7dd4a347d01fc659745aafd192c0b2e5fd9ec6424f0035355a82aae"
"md","overview","tea","tea/workflows/testarch/bmad-testarch-test-design/resources/knowledge/overview.md","dfd5bd12b7dd4a347d01fc659745aafd192c0b2e5fd9ec6424f0035355a82aae"
"md","overview","tea","tea/workflows/testarch/bmad-testarch-test-review/resources/knowledge/overview.md","dfd5bd12b7dd4a347d01fc659745aafd192c0b2e5fd9ec6424f0035355a82aae"
"md","overview","tea","tea/workflows/testarch/bmad-testarch-trace/resources/knowledge/overview.md","dfd5bd12b7dd4a347d01fc659745aafd192c0b2e5fd9ec6424f0035355a82aae"
"md","pact-consumer-di","tea","tea/agents/bmad-tea/resources/knowledge/pact-consumer-di.md","0ee1edcedb2c145885dbc0bc7504187bfc1679ceedee84e0d650e7dbd32cf06d"
"md","pact-consumer-di","tea","tea/workflows/testarch/bmad-testarch-atdd/resources/knowledge/pact-consumer-di.md","0ee1edcedb2c145885dbc0bc7504187bfc1679ceedee84e0d650e7dbd32cf06d"
"md","pact-consumer-di","tea","tea/workflows/testarch/bmad-testarch-automate/resources/knowledge/pact-consumer-di.md","0ee1edcedb2c145885dbc0bc7504187bfc1679ceedee84e0d650e7dbd32cf06d"
"md","pact-consumer-di","tea","tea/workflows/testarch/bmad-testarch-ci/resources/knowledge/pact-consumer-di.md","0ee1edcedb2c145885dbc0bc7504187bfc1679ceedee84e0d650e7dbd32cf06d"
"md","pact-consumer-di","tea","tea/workflows/testarch/bmad-testarch-framework/resources/knowledge/pact-consumer-di.md","0ee1edcedb2c145885dbc0bc7504187bfc1679ceedee84e0d650e7dbd32cf06d"
"md","pact-consumer-di","tea","tea/workflows/testarch/bmad-testarch-nfr/resources/knowledge/pact-consumer-di.md","0ee1edcedb2c145885dbc0bc7504187bfc1679ceedee84e0d650e7dbd32cf06d"
"md","pact-consumer-di","tea","tea/workflows/testarch/bmad-testarch-test-design/resources/knowledge/pact-consumer-di.md","0ee1edcedb2c145885dbc0bc7504187bfc1679ceedee84e0d650e7dbd32cf06d"
"md","pact-consumer-di","tea","tea/workflows/testarch/bmad-testarch-test-review/resources/knowledge/pact-consumer-di.md","0ee1edcedb2c145885dbc0bc7504187bfc1679ceedee84e0d650e7dbd32cf06d"
"md","pact-consumer-di","tea","tea/workflows/testarch/bmad-testarch-trace/resources/knowledge/pact-consumer-di.md","0ee1edcedb2c145885dbc0bc7504187bfc1679ceedee84e0d650e7dbd32cf06d"
"md","pact-consumer-framework-setup","tea","tea/agents/bmad-tea/resources/knowledge/pact-consumer-framework-setup.md","e3e5f12d21456e57c60c3ace467aea7fb3099cb02beacafd0548555ee9bca813"
"md","pact-consumer-framework-setup","tea","tea/workflows/testarch/bmad-testarch-atdd/resources/knowledge/pact-consumer-framework-setup.md","e3e5f12d21456e57c60c3ace467aea7fb3099cb02beacafd0548555ee9bca813"
"md","pact-consumer-framework-setup","tea","tea/workflows/testarch/bmad-testarch-automate/resources/knowledge/pact-consumer-framework-setup.md","e3e5f12d21456e57c60c3ace467aea7fb3099cb02beacafd0548555ee9bca813"
"md","pact-consumer-framework-setup","tea","tea/workflows/testarch/bmad-testarch-ci/resources/knowledge/pact-consumer-framework-setup.md","e3e5f12d21456e57c60c3ace467aea7fb3099cb02beacafd0548555ee9bca813"
"md","pact-consumer-framework-setup","tea","tea/workflows/testarch/bmad-testarch-framework/resources/knowledge/pact-consumer-framework-setup.md","e3e5f12d21456e57c60c3ace467aea7fb3099cb02beacafd0548555ee9bca813"
"md","pact-consumer-framework-setup","tea","tea/workflows/testarch/bmad-testarch-nfr/resources/knowledge/pact-consumer-framework-setup.md","e3e5f12d21456e57c60c3ace467aea7fb3099cb02beacafd0548555ee9bca813"
"md","pact-consumer-framework-setup","tea","tea/workflows/testarch/bmad-testarch-test-design/resources/knowledge/pact-consumer-framework-setup.md","e3e5f12d21456e57c60c3ace467aea7fb3099cb02beacafd0548555ee9bca813"
"md","pact-consumer-framework-setup","tea","tea/workflows/testarch/bmad-testarch-test-review/resources/knowledge/pact-consumer-framework-setup.md","e3e5f12d21456e57c60c3ace467aea7fb3099cb02beacafd0548555ee9bca813"
"md","pact-consumer-framework-setup","tea","tea/workflows/testarch/bmad-testarch-trace/resources/knowledge/pact-consumer-framework-setup.md","e3e5f12d21456e57c60c3ace467aea7fb3099cb02beacafd0548555ee9bca813"
"md","pact-mcp","tea","tea/agents/bmad-tea/resources/knowledge/pact-mcp.md","83240abe8ae243f4c07b572c34295fc9a59a74ae8ace8fafc17462a327b8d2b4"
"md","pact-mcp","tea","tea/workflows/testarch/bmad-testarch-atdd/resources/knowledge/pact-mcp.md","83240abe8ae243f4c07b572c34295fc9a59a74ae8ace8fafc17462a327b8d2b4"
"md","pact-mcp","tea","tea/workflows/testarch/bmad-testarch-automate/resources/knowledge/pact-mcp.md","83240abe8ae243f4c07b572c34295fc9a59a74ae8ace8fafc17462a327b8d2b4"
"md","pact-mcp","tea","tea/workflows/testarch/bmad-testarch-ci/resources/knowledge/pact-mcp.md","83240abe8ae243f4c07b572c34295fc9a59a74ae8ace8fafc17462a327b8d2b4"
"md","pact-mcp","tea","tea/workflows/testarch/bmad-testarch-framework/resources/knowledge/pact-mcp.md","83240abe8ae243f4c07b572c34295fc9a59a74ae8ace8fafc17462a327b8d2b4"
"md","pact-mcp","tea","tea/workflows/testarch/bmad-testarch-nfr/resources/knowledge/pact-mcp.md","83240abe8ae243f4c07b572c34295fc9a59a74ae8ace8fafc17462a327b8d2b4"
"md","pact-mcp","tea","tea/workflows/testarch/bmad-testarch-test-design/resources/knowledge/pact-mcp.md","83240abe8ae243f4c07b572c34295fc9a59a74ae8ace8fafc17462a327b8d2b4"
"md","pact-mcp","tea","tea/workflows/testarch/bmad-testarch-test-review/resources/knowledge/pact-mcp.md","83240abe8ae243f4c07b572c34295fc9a59a74ae8ace8fafc17462a327b8d2b4"
"md","pact-mcp","tea","tea/workflows/testarch/bmad-testarch-trace/resources/knowledge/pact-mcp.md","83240abe8ae243f4c07b572c34295fc9a59a74ae8ace8fafc17462a327b8d2b4"
"md","pactjs-utils-consumer-helpers","tea","tea/agents/bmad-tea/resources/knowledge/pactjs-utils-consumer-helpers.md","c8ad1d8ba2890c03741f6e24bec828278dedf22d0f2c3f46bde80da1a9489e26"
"md","pactjs-utils-consumer-helpers","tea","tea/workflows/testarch/bmad-testarch-atdd/resources/knowledge/pactjs-utils-consumer-helpers.md","c8ad1d8ba2890c03741f6e24bec828278dedf22d0f2c3f46bde80da1a9489e26"
"md","pactjs-utils-consumer-helpers","tea","tea/workflows/testarch/bmad-testarch-automate/resources/knowledge/pactjs-utils-consumer-helpers.md","c8ad1d8ba2890c03741f6e24bec828278dedf22d0f2c3f46bde80da1a9489e26"
"md","pactjs-utils-consumer-helpers","tea","tea/workflows/testarch/bmad-testarch-ci/resources/knowledge/pactjs-utils-consumer-helpers.md","c8ad1d8ba2890c03741f6e24bec828278dedf22d0f2c3f46bde80da1a9489e26"
"md","pactjs-utils-consumer-helpers","tea","tea/workflows/testarch/bmad-testarch-framework/resources/knowledge/pactjs-utils-consumer-helpers.md","c8ad1d8ba2890c03741f6e24bec828278dedf22d0f2c3f46bde80da1a9489e26"
"md","pactjs-utils-consumer-helpers","tea","tea/workflows/testarch/bmad-testarch-nfr/resources/knowledge/pactjs-utils-consumer-helpers.md","c8ad1d8ba2890c03741f6e24bec828278dedf22d0f2c3f46bde80da1a9489e26"
"md","pactjs-utils-consumer-helpers","tea","tea/workflows/testarch/bmad-testarch-test-design/resources/knowledge/pactjs-utils-consumer-helpers.md","c8ad1d8ba2890c03741f6e24bec828278dedf22d0f2c3f46bde80da1a9489e26"
"md","pactjs-utils-consumer-helpers","tea","tea/workflows/testarch/bmad-testarch-test-review/resources/knowledge/pactjs-utils-consumer-helpers.md","c8ad1d8ba2890c03741f6e24bec828278dedf22d0f2c3f46bde80da1a9489e26"
"md","pactjs-utils-consumer-helpers","tea","tea/workflows/testarch/bmad-testarch-trace/resources/knowledge/pactjs-utils-consumer-helpers.md","c8ad1d8ba2890c03741f6e24bec828278dedf22d0f2c3f46bde80da1a9489e26"
"md","pactjs-utils-overview","tea","tea/agents/bmad-tea/resources/knowledge/pactjs-utils-overview.md","63ca7cd096c73cd59842ee5d67956077369bc3696530d954931612b561606a1c"
"md","pactjs-utils-overview","tea","tea/workflows/testarch/bmad-testarch-atdd/resources/knowledge/pactjs-utils-overview.md","63ca7cd096c73cd59842ee5d67956077369bc3696530d954931612b561606a1c"
"md","pactjs-utils-overview","tea","tea/workflows/testarch/bmad-testarch-automate/resources/knowledge/pactjs-utils-overview.md","63ca7cd096c73cd59842ee5d67956077369bc3696530d954931612b561606a1c"
"md","pactjs-utils-overview","tea","tea/workflows/testarch/bmad-testarch-ci/resources/knowledge/pactjs-utils-overview.md","63ca7cd096c73cd59842ee5d67956077369bc3696530d954931612b561606a1c"
"md","pactjs-utils-overview","tea","tea/workflows/testarch/bmad-testarch-framework/resources/knowledge/pactjs-utils-overview.md","63ca7cd096c73cd59842ee5d67956077369bc3696530d954931612b561606a1c"
"md","pactjs-utils-overview","tea","tea/workflows/testarch/bmad-testarch-nfr/resources/knowledge/pactjs-utils-overview.md","63ca7cd096c73cd59842ee5d67956077369bc3696530d954931612b561606a1c"
"md","pactjs-utils-overview","tea","tea/workflows/testarch/bmad-testarch-test-design/resources/knowledge/pactjs-utils-overview.md","63ca7cd096c73cd59842ee5d67956077369bc3696530d954931612b561606a1c"
"md","pactjs-utils-overview","tea","tea/workflows/testarch/bmad-testarch-test-review/resources/knowledge/pactjs-utils-overview.md","63ca7cd096c73cd59842ee5d67956077369bc3696530d954931612b561606a1c"
"md","pactjs-utils-overview","tea","tea/workflows/testarch/bmad-testarch-trace/resources/knowledge/pactjs-utils-overview.md","63ca7cd096c73cd59842ee5d67956077369bc3696530d954931612b561606a1c"
"md","pactjs-utils-provider-verifier","tea","tea/agents/bmad-tea/resources/knowledge/pactjs-utils-provider-verifier.md","541e09c00db0212deb212320528c202e17586656a8d512eecfe1ab1ece9b661d"
"md","pactjs-utils-provider-verifier","tea","tea/workflows/testarch/bmad-testarch-atdd/resources/knowledge/pactjs-utils-provider-verifier.md","541e09c00db0212deb212320528c202e17586656a8d512eecfe1ab1ece9b661d"
"md","pactjs-utils-provider-verifier","tea","tea/workflows/testarch/bmad-testarch-automate/resources/knowledge/pactjs-utils-provider-verifier.md","541e09c00db0212deb212320528c202e17586656a8d512eecfe1ab1ece9b661d"
"md","pactjs-utils-provider-verifier","tea","tea/workflows/testarch/bmad-testarch-ci/resources/knowledge/pactjs-utils-provider-verifier.md","541e09c00db0212deb212320528c202e17586656a8d512eecfe1ab1ece9b661d"
"md","pactjs-utils-provider-verifier","tea","tea/workflows/testarch/bmad-testarch-framework/resources/knowledge/pactjs-utils-provider-verifier.md","541e09c00db0212deb212320528c202e17586656a8d512eecfe1ab1ece9b661d"
"md","pactjs-utils-provider-verifier","tea","tea/workflows/testarch/bmad-testarch-nfr/resources/knowledge/pactjs-utils-provider-verifier.md","541e09c00db0212deb212320528c202e17586656a8d512eecfe1ab1ece9b661d"
"md","pactjs-utils-provider-verifier","tea","tea/workflows/testarch/bmad-testarch-test-design/resources/knowledge/pactjs-utils-provider-verifier.md","541e09c00db0212deb212320528c202e17586656a8d512eecfe1ab1ece9b661d"
"md","pactjs-utils-provider-verifier","tea","tea/workflows/testarch/bmad-testarch-test-review/resources/knowledge/pactjs-utils-provider-verifier.md","541e09c00db0212deb212320528c202e17586656a8d512eecfe1ab1ece9b661d"
"md","pactjs-utils-provider-verifier","tea","tea/workflows/testarch/bmad-testarch-trace/resources/knowledge/pactjs-utils-provider-verifier.md","541e09c00db0212deb212320528c202e17586656a8d512eecfe1ab1ece9b661d"
"md","pactjs-utils-request-filter","tea","tea/agents/bmad-tea/resources/knowledge/pactjs-utils-request-filter.md","1312867725f49fe8ff9a136a90dc82becdab345d724a568a7f50abba31ee8f7c"
"md","pactjs-utils-request-filter","tea","tea/workflows/testarch/bmad-testarch-atdd/resources/knowledge/pactjs-utils-request-filter.md","1312867725f49fe8ff9a136a90dc82becdab345d724a568a7f50abba31ee8f7c"
"md","pactjs-utils-request-filter","tea","tea/workflows/testarch/bmad-testarch-automate/resources/knowledge/pactjs-utils-request-filter.md","1312867725f49fe8ff9a136a90dc82becdab345d724a568a7f50abba31ee8f7c"
"md","pactjs-utils-request-filter","tea","tea/workflows/testarch/bmad-testarch-ci/resources/knowledge/pactjs-utils-request-filter.md","1312867725f49fe8ff9a136a90dc82becdab345d724a568a7f50abba31ee8f7c"
"md","pactjs-utils-request-filter","tea","tea/workflows/testarch/bmad-testarch-framework/resources/knowledge/pactjs-utils-request-filter.md","1312867725f49fe8ff9a136a90dc82becdab345d724a568a7f50abba31ee8f7c"
"md","pactjs-utils-request-filter","tea","tea/workflows/testarch/bmad-testarch-nfr/resources/knowledge/pactjs-utils-request-filter.md","1312867725f49fe8ff9a136a90dc82becdab345d724a568a7f50abba31ee8f7c"
"md","pactjs-utils-request-filter","tea","tea/workflows/testarch/bmad-testarch-test-design/resources/knowledge/pactjs-utils-request-filter.md","1312867725f49fe8ff9a136a90dc82becdab345d724a568a7f50abba31ee8f7c"
"md","pactjs-utils-request-filter","tea","tea/workflows/testarch/bmad-testarch-test-review/resources/knowledge/pactjs-utils-request-filter.md","1312867725f49fe8ff9a136a90dc82becdab345d724a568a7f50abba31ee8f7c"
"md","pactjs-utils-request-filter","tea","tea/workflows/testarch/bmad-testarch-trace/resources/knowledge/pactjs-utils-request-filter.md","1312867725f49fe8ff9a136a90dc82becdab345d724a568a7f50abba31ee8f7c"
"md","playwright-cli","tea","tea/agents/bmad-tea/resources/knowledge/playwright-cli.md","d52e02c0a7d8f126e87bbf0966beaa7f8715da423587b0e9a57dfe72bd445545"
"md","playwright-cli","tea","tea/workflows/testarch/bmad-testarch-atdd/resources/knowledge/playwright-cli.md","d52e02c0a7d8f126e87bbf0966beaa7f8715da423587b0e9a57dfe72bd445545"
"md","playwright-cli","tea","tea/workflows/testarch/bmad-testarch-automate/resources/knowledge/playwright-cli.md","d52e02c0a7d8f126e87bbf0966beaa7f8715da423587b0e9a57dfe72bd445545"
"md","playwright-cli","tea","tea/workflows/testarch/bmad-testarch-ci/resources/knowledge/playwright-cli.md","d52e02c0a7d8f126e87bbf0966beaa7f8715da423587b0e9a57dfe72bd445545"
"md","playwright-cli","tea","tea/workflows/testarch/bmad-testarch-framework/resources/knowledge/playwright-cli.md","d52e02c0a7d8f126e87bbf0966beaa7f8715da423587b0e9a57dfe72bd445545"
"md","playwright-cli","tea","tea/workflows/testarch/bmad-testarch-nfr/resources/knowledge/playwright-cli.md","d52e02c0a7d8f126e87bbf0966beaa7f8715da423587b0e9a57dfe72bd445545"
"md","playwright-cli","tea","tea/workflows/testarch/bmad-testarch-test-design/resources/knowledge/playwright-cli.md","d52e02c0a7d8f126e87bbf0966beaa7f8715da423587b0e9a57dfe72bd445545"
"md","playwright-cli","tea","tea/workflows/testarch/bmad-testarch-test-review/resources/knowledge/playwright-cli.md","d52e02c0a7d8f126e87bbf0966beaa7f8715da423587b0e9a57dfe72bd445545"
"md","playwright-cli","tea","tea/workflows/testarch/bmad-testarch-trace/resources/knowledge/playwright-cli.md","d52e02c0a7d8f126e87bbf0966beaa7f8715da423587b0e9a57dfe72bd445545"
"md","playwright-config","tea","tea/agents/bmad-tea/resources/knowledge/playwright-config.md","91edb2ea58042a406ec3a55ca07f3af4a11e3329f5d19ed66a9175d61a8f9e5f"
"md","playwright-config","tea","tea/workflows/testarch/bmad-testarch-atdd/resources/knowledge/playwright-config.md","91edb2ea58042a406ec3a55ca07f3af4a11e3329f5d19ed66a9175d61a8f9e5f"
"md","playwright-config","tea","tea/workflows/testarch/bmad-testarch-automate/resources/knowledge/playwright-config.md","91edb2ea58042a406ec3a55ca07f3af4a11e3329f5d19ed66a9175d61a8f9e5f"
"md","playwright-config","tea","tea/workflows/testarch/bmad-testarch-ci/resources/knowledge/playwright-config.md","91edb2ea58042a406ec3a55ca07f3af4a11e3329f5d19ed66a9175d61a8f9e5f"
"md","playwright-config","tea","tea/workflows/testarch/bmad-testarch-framework/resources/knowledge/playwright-config.md","91edb2ea58042a406ec3a55ca07f3af4a11e3329f5d19ed66a9175d61a8f9e5f"
"md","playwright-config","tea","tea/workflows/testarch/bmad-testarch-nfr/resources/knowledge/playwright-config.md","91edb2ea58042a406ec3a55ca07f3af4a11e3329f5d19ed66a9175d61a8f9e5f"
"md","playwright-config","tea","tea/workflows/testarch/bmad-testarch-test-design/resources/knowledge/playwright-config.md","91edb2ea58042a406ec3a55ca07f3af4a11e3329f5d19ed66a9175d61a8f9e5f"
"md","playwright-config","tea","tea/workflows/testarch/bmad-testarch-test-review/resources/knowledge/playwright-config.md","91edb2ea58042a406ec3a55ca07f3af4a11e3329f5d19ed66a9175d61a8f9e5f"
"md","playwright-config","tea","tea/workflows/testarch/bmad-testarch-trace/resources/knowledge/playwright-config.md","91edb2ea58042a406ec3a55ca07f3af4a11e3329f5d19ed66a9175d61a8f9e5f"
"md","probability-impact","tea","tea/agents/bmad-tea/resources/knowledge/probability-impact.md","c582f4e681758b8c84ca2de003aa7133913326ac2c398b6c0e802914919b8333"
"md","probability-impact","tea","tea/workflows/testarch/bmad-testarch-atdd/resources/knowledge/probability-impact.md","c582f4e681758b8c84ca2de003aa7133913326ac2c398b6c0e802914919b8333"
"md","probability-impact","tea","tea/workflows/testarch/bmad-testarch-automate/resources/knowledge/probability-impact.md","c582f4e681758b8c84ca2de003aa7133913326ac2c398b6c0e802914919b8333"
"md","probability-impact","tea","tea/workflows/testarch/bmad-testarch-ci/resources/knowledge/probability-impact.md","c582f4e681758b8c84ca2de003aa7133913326ac2c398b6c0e802914919b8333"
"md","probability-impact","tea","tea/workflows/testarch/bmad-testarch-framework/resources/knowledge/probability-impact.md","c582f4e681758b8c84ca2de003aa7133913326ac2c398b6c0e802914919b8333"
"md","probability-impact","tea","tea/workflows/testarch/bmad-testarch-nfr/resources/knowledge/probability-impact.md","c582f4e681758b8c84ca2de003aa7133913326ac2c398b6c0e802914919b8333"
"md","probability-impact","tea","tea/workflows/testarch/bmad-testarch-test-design/resources/knowledge/probability-impact.md","c582f4e681758b8c84ca2de003aa7133913326ac2c398b6c0e802914919b8333"
"md","probability-impact","tea","tea/workflows/testarch/bmad-testarch-test-review/resources/knowledge/probability-impact.md","c582f4e681758b8c84ca2de003aa7133913326ac2c398b6c0e802914919b8333"
"md","probability-impact","tea","tea/workflows/testarch/bmad-testarch-trace/resources/knowledge/probability-impact.md","c582f4e681758b8c84ca2de003aa7133913326ac2c398b6c0e802914919b8333"
"md","README","tea","tea/workflows/testarch/README.md","8b0ba81a0cb23ecbfadd0f424f5292f90e12ab95daab921c273073001b39c194"
"md","recurse","tea","tea/agents/bmad-tea/resources/knowledge/recurse.md","758e81e7d8feb48c707fba65dade45d9bb93afc06d35ec54469af2af62980960"
"md","recurse","tea","tea/workflows/testarch/bmad-testarch-atdd/resources/knowledge/recurse.md","758e81e7d8feb48c707fba65dade45d9bb93afc06d35ec54469af2af62980960"
"md","recurse","tea","tea/workflows/testarch/bmad-testarch-automate/resources/knowledge/recurse.md","758e81e7d8feb48c707fba65dade45d9bb93afc06d35ec54469af2af62980960"
"md","recurse","tea","tea/workflows/testarch/bmad-testarch-ci/resources/knowledge/recurse.md","758e81e7d8feb48c707fba65dade45d9bb93afc06d35ec54469af2af62980960"
"md","recurse","tea","tea/workflows/testarch/bmad-testarch-framework/resources/knowledge/recurse.md","758e81e7d8feb48c707fba65dade45d9bb93afc06d35ec54469af2af62980960"
"md","recurse","tea","tea/workflows/testarch/bmad-testarch-nfr/resources/knowledge/recurse.md","758e81e7d8feb48c707fba65dade45d9bb93afc06d35ec54469af2af62980960"
"md","recurse","tea","tea/workflows/testarch/bmad-testarch-test-design/resources/knowledge/recurse.md","758e81e7d8feb48c707fba65dade45d9bb93afc06d35ec54469af2af62980960"
"md","recurse","tea","tea/workflows/testarch/bmad-testarch-test-review/resources/knowledge/recurse.md","758e81e7d8feb48c707fba65dade45d9bb93afc06d35ec54469af2af62980960"
"md","recurse","tea","tea/workflows/testarch/bmad-testarch-trace/resources/knowledge/recurse.md","758e81e7d8feb48c707fba65dade45d9bb93afc06d35ec54469af2af62980960"
"md","risk-governance","tea","tea/agents/bmad-tea/resources/knowledge/risk-governance.md","a290f259585eee2e0076bc6f14685acbbe6a6595b280a12bc6465797ec9e3592"
"md","risk-governance","tea","tea/workflows/testarch/bmad-testarch-atdd/resources/knowledge/risk-governance.md","a290f259585eee2e0076bc6f14685acbbe6a6595b280a12bc6465797ec9e3592"
"md","risk-governance","tea","tea/workflows/testarch/bmad-testarch-automate/resources/knowledge/risk-governance.md","a290f259585eee2e0076bc6f14685acbbe6a6595b280a12bc6465797ec9e3592"
"md","risk-governance","tea","tea/workflows/testarch/bmad-testarch-ci/resources/knowledge/risk-governance.md","a290f259585eee2e0076bc6f14685acbbe6a6595b280a12bc6465797ec9e3592"
"md","risk-governance","tea","tea/workflows/testarch/bmad-testarch-framework/resources/knowledge/risk-governance.md","a290f259585eee2e0076bc6f14685acbbe6a6595b280a12bc6465797ec9e3592"
"md","risk-governance","tea","tea/workflows/testarch/bmad-testarch-nfr/resources/knowledge/risk-governance.md","a290f259585eee2e0076bc6f14685acbbe6a6595b280a12bc6465797ec9e3592"
"md","risk-governance","tea","tea/workflows/testarch/bmad-testarch-test-design/resources/knowledge/risk-governance.md","a290f259585eee2e0076bc6f14685acbbe6a6595b280a12bc6465797ec9e3592"
"md","risk-governance","tea","tea/workflows/testarch/bmad-testarch-test-review/resources/knowledge/risk-governance.md","a290f259585eee2e0076bc6f14685acbbe6a6595b280a12bc6465797ec9e3592"
"md","risk-governance","tea","tea/workflows/testarch/bmad-testarch-trace/resources/knowledge/risk-governance.md","a290f259585eee2e0076bc6f14685acbbe6a6595b280a12bc6465797ec9e3592"
"md","selective-testing","tea","tea/agents/bmad-tea/resources/knowledge/selective-testing.md","16846e37e52116f2c8fb7b928cd1a36ecd5de308a97e22b7b71bf6012720cc19"
"md","selective-testing","tea","tea/workflows/testarch/bmad-testarch-atdd/resources/knowledge/selective-testing.md","16846e37e52116f2c8fb7b928cd1a36ecd5de308a97e22b7b71bf6012720cc19"
"md","selective-testing","tea","tea/workflows/testarch/bmad-testarch-automate/resources/knowledge/selective-testing.md","16846e37e52116f2c8fb7b928cd1a36ecd5de308a97e22b7b71bf6012720cc19"
"md","selective-testing","tea","tea/workflows/testarch/bmad-testarch-ci/resources/knowledge/selective-testing.md","16846e37e52116f2c8fb7b928cd1a36ecd5de308a97e22b7b71bf6012720cc19"
"md","selective-testing","tea","tea/workflows/testarch/bmad-testarch-framework/resources/knowledge/selective-testing.md","16846e37e52116f2c8fb7b928cd1a36ecd5de308a97e22b7b71bf6012720cc19"
"md","selective-testing","tea","tea/workflows/testarch/bmad-testarch-nfr/resources/knowledge/selective-testing.md","16846e37e52116f2c8fb7b928cd1a36ecd5de308a97e22b7b71bf6012720cc19"
"md","selective-testing","tea","tea/workflows/testarch/bmad-testarch-test-design/resources/knowledge/selective-testing.md","16846e37e52116f2c8fb7b928cd1a36ecd5de308a97e22b7b71bf6012720cc19"
"md","selective-testing","tea","tea/workflows/testarch/bmad-testarch-test-review/resources/knowledge/selective-testing.md","16846e37e52116f2c8fb7b928cd1a36ecd5de308a97e22b7b71bf6012720cc19"
"md","selective-testing","tea","tea/workflows/testarch/bmad-testarch-trace/resources/knowledge/selective-testing.md","16846e37e52116f2c8fb7b928cd1a36ecd5de308a97e22b7b71bf6012720cc19"
"md","selector-resilience","tea","tea/agents/bmad-tea/resources/knowledge/selector-resilience.md","27017332dd7d25c86ef39bbf8aec4ace89ee05bed56b6fdae639078c9e725d15"
"md","selector-resilience","tea","tea/workflows/testarch/bmad-testarch-atdd/resources/knowledge/selector-resilience.md","27017332dd7d25c86ef39bbf8aec4ace89ee05bed56b6fdae639078c9e725d15"
"md","selector-resilience","tea","tea/workflows/testarch/bmad-testarch-automate/resources/knowledge/selector-resilience.md","27017332dd7d25c86ef39bbf8aec4ace89ee05bed56b6fdae639078c9e725d15"
"md","selector-resilience","tea","tea/workflows/testarch/bmad-testarch-ci/resources/knowledge/selector-resilience.md","27017332dd7d25c86ef39bbf8aec4ace89ee05bed56b6fdae639078c9e725d15"
"md","selector-resilience","tea","tea/workflows/testarch/bmad-testarch-framework/resources/knowledge/selector-resilience.md","27017332dd7d25c86ef39bbf8aec4ace89ee05bed56b6fdae639078c9e725d15"
"md","selector-resilience","tea","tea/workflows/testarch/bmad-testarch-nfr/resources/knowledge/selector-resilience.md","27017332dd7d25c86ef39bbf8aec4ace89ee05bed56b6fdae639078c9e725d15"
"md","selector-resilience","tea","tea/workflows/testarch/bmad-testarch-test-design/resources/knowledge/selector-resilience.md","27017332dd7d25c86ef39bbf8aec4ace89ee05bed56b6fdae639078c9e725d15"
"md","selector-resilience","tea","tea/workflows/testarch/bmad-testarch-test-review/resources/knowledge/selector-resilience.md","27017332dd7d25c86ef39bbf8aec4ace89ee05bed56b6fdae639078c9e725d15"
"md","selector-resilience","tea","tea/workflows/testarch/bmad-testarch-trace/resources/knowledge/selector-resilience.md","27017332dd7d25c86ef39bbf8aec4ace89ee05bed56b6fdae639078c9e725d15"
"md","session-notes-template","tea","tea/workflows/testarch/bmad-teach-me-testing/templates/session-notes-template.md","e22954ab5200bd31dbe4f458746f854fe83a4bdbf848254da71650d6d94e4869"
"md","SKILL","tea","tea/agents/bmad-tea/SKILL.md","a0a3ccc8b307686ddc8172a9ca63ab150b4eb90e16a74efdc7bf1c381707688b"
"md","SKILL","tea","tea/workflows/testarch/bmad-teach-me-testing/SKILL.md","7bca9f657ad9d88fa067dfffb737b3aec2c5f3d18614d6a162f141966aefeab8"
"md","SKILL","tea","tea/workflows/testarch/bmad-testarch-atdd/SKILL.md","f32cda9320d46230735b5edf1dd28d4a14682d633713b7d973142af4106c5941"
"md","SKILL","tea","tea/workflows/testarch/bmad-testarch-automate/SKILL.md","46a6def223d2c224cc2e482b3d02f6391a2587604c3ee29e7bebc100b87dcd48"
"md","SKILL","tea","tea/workflows/testarch/bmad-testarch-ci/SKILL.md","3bc148831b898e6cf32c9915090f71700322d3cf8dba2e5e29d8e046d283ace0"
"md","SKILL","tea","tea/workflows/testarch/bmad-testarch-framework/SKILL.md","39703d3398ecaa8d079205d78a3f080b452fad1af488e8af460e7ad3fce8d49f"
"md","SKILL","tea","tea/workflows/testarch/bmad-testarch-nfr/SKILL.md","5e8b56bdadf4c8414b69837b22a0d4e9d65f71038eb6e5dc37e26668b18f0177"
"md","SKILL","tea","tea/workflows/testarch/bmad-testarch-test-design/SKILL.md","232f14dd77f107e0da95bd93730a3a943443c4503269b99fdb33680c53e22f32"
"md","SKILL","tea","tea/workflows/testarch/bmad-testarch-test-review/SKILL.md","36c82ad53616688087e7c1fd302f041119a32c37121ecab761b8c5b62a9813ef"
"md","SKILL","tea","tea/workflows/testarch/bmad-testarch-trace/SKILL.md","1b6c2a5b47067a9cb835c9147031a6148165008a88a10cf9ba7a8b630a06a161"
"md","step-01-assess","tea","tea/workflows/testarch/bmad-testarch-atdd/steps-e/step-01-assess.md","0da7cee58c923708334665bdaf5b50b4f0c6f9276b44fd6864d604809ed8db08"
"md","step-01-assess","tea","tea/workflows/testarch/bmad-testarch-automate/steps-e/step-01-assess.md","0da7cee58c923708334665bdaf5b50b4f0c6f9276b44fd6864d604809ed8db08"
"md","step-01-assess","tea","tea/workflows/testarch/bmad-testarch-ci/steps-e/step-01-assess.md","0da7cee58c923708334665bdaf5b50b4f0c6f9276b44fd6864d604809ed8db08"
"md","step-01-assess","tea","tea/workflows/testarch/bmad-testarch-framework/steps-e/step-01-assess.md","0da7cee58c923708334665bdaf5b50b4f0c6f9276b44fd6864d604809ed8db08"
"md","step-01-assess","tea","tea/workflows/testarch/bmad-testarch-nfr/steps-e/step-01-assess.md","0da7cee58c923708334665bdaf5b50b4f0c6f9276b44fd6864d604809ed8db08"
"md","step-01-assess","tea","tea/workflows/testarch/bmad-testarch-test-design/steps-e/step-01-assess.md","0da7cee58c923708334665bdaf5b50b4f0c6f9276b44fd6864d604809ed8db08"
"md","step-01-assess","tea","tea/workflows/testarch/bmad-testarch-test-review/steps-e/step-01-assess.md","0da7cee58c923708334665bdaf5b50b4f0c6f9276b44fd6864d604809ed8db08"
"md","step-01-assess","tea","tea/workflows/testarch/bmad-testarch-trace/steps-e/step-01-assess.md","0da7cee58c923708334665bdaf5b50b4f0c6f9276b44fd6864d604809ed8db08"
"md","step-01-detect-mode","tea","tea/workflows/testarch/bmad-testarch-test-design/steps-c/step-01-detect-mode.md","9d3c4f94dd9765b930260a2a12b0c2f0d21913579b6389b4f713fab4e07d2c67"
"md","step-01-init","tea","tea/workflows/testarch/bmad-teach-me-testing/steps-c/step-01-init.md","2ab1093556d719fb69a573a9c5dc855ca252776a0f0513fba56c9a93bc790ab8"
"md","step-01-load-context","tea","tea/workflows/testarch/bmad-testarch-nfr/steps-c/step-01-load-context.md","b0098b27bf5e11472678b0d7ed74ed573e47ba25a84b260a9e0d4d3aa472a86f"
"md","step-01-load-context","tea","tea/workflows/testarch/bmad-testarch-test-review/steps-c/step-01-load-context.md","880bc094d9434de38671cb009919938b601da2cf1b6a6765fc2892ad9e424bb4"
"md","step-01-load-context","tea","tea/workflows/testarch/bmad-testarch-trace/steps-c/step-01-load-context.md","8041d70b72098a679a420efd67b0724dc49793d2382c79f915f56142e649f507"
"md","step-01-preflight","tea","tea/workflows/testarch/bmad-testarch-ci/steps-c/step-01-preflight.md","d6fbec1390c6dd2fc49b4cb02eac04bbf9652e1d13741657fd4f4babb1eb1b4b"
"md","step-01-preflight","tea","tea/workflows/testarch/bmad-testarch-framework/steps-c/step-01-preflight.md","5c47a9122b34e7c3aefa625a90b016ad825cecd0185574cfb30ab6742c5f02b7"
"md","step-01-preflight-and-context","tea","tea/workflows/testarch/bmad-testarch-atdd/steps-c/step-01-preflight-and-context.md","68623741ce297bb3c2ba2b9453beca58854bff5a106ed969191ca9089ebbc7cb"
"md","step-01-preflight-and-context","tea","tea/workflows/testarch/bmad-testarch-automate/steps-c/step-01-preflight-and-context.md","52447efa7049acea078b9f1840753635a9fba8b6fcc51d745f50eb337d8af9c1"
"md","step-01-validate","tea","tea/workflows/testarch/bmad-testarch-atdd/steps-v/step-01-validate.md","fb607dc904d4444956825b07145cf84d553948b39649e8bcdec2d7021473f5ce"
"md","step-01-validate","tea","tea/workflows/testarch/bmad-testarch-automate/steps-v/step-01-validate.md","82e552d7d0b259ae02e4006e05531f0e0865852ece082e5db2bb4197f34bbea7"
"md","step-01-validate","tea","tea/workflows/testarch/bmad-testarch-ci/steps-v/step-01-validate.md","d6dd8df1531548ae4f79282e9131cee1c2e791abfb2c3f760997b5a9f1a7d1f9"
"md","step-01-validate","tea","tea/workflows/testarch/bmad-testarch-framework/steps-v/step-01-validate.md","cbe878bd1c78da42bfb6e3655c8b53db1919c8c58c0d5c0c2ee8ae6ebed2ba80"
"md","step-01-validate","tea","tea/workflows/testarch/bmad-testarch-nfr/steps-v/step-01-validate.md","403c66b27c0c754da67ee56f1ec626e2a777653c2f309a6bf4ac6fbe323a2fac"
"md","step-01-validate","tea","tea/workflows/testarch/bmad-testarch-test-design/steps-v/step-01-validate.md","dddd6dfde8240eccc74f05cefdf1189b3702ada7372968ba8e1a1675454b74df"
"md","step-01-validate","tea","tea/workflows/testarch/bmad-testarch-test-review/steps-v/step-01-validate.md","832c320ecc2bb2d7f1025ab155dc128593a4571051f15aaa23dbfbb57469d3bb"
"md","step-01-validate","tea","tea/workflows/testarch/bmad-testarch-trace/steps-v/step-01-validate.md","2b5da1036d9d2aedaf6b5476cd8d94aa22d86ff06a0fab06740aef908d86ed03"
"md","step-01b-continue","tea","tea/workflows/testarch/bmad-teach-me-testing/steps-c/step-01b-continue.md","cceaf696a390d43802a8155c50f65f47cb9885587199db910169beba41d31b45"
"md","step-01b-resume","tea","tea/workflows/testarch/bmad-testarch-atdd/steps-c/step-01b-resume.md","0012c1f398c03389c4c0b9833f1ef7bbbb59e886837d09160790757528d63a02"
"md","step-01b-resume","tea","tea/workflows/testarch/bmad-testarch-automate/steps-c/step-01b-resume.md","964342ec321adc0397ddbf51dd3c0e194b406b752d948ae9a115b5898c8b65e9"
"md","step-01b-resume","tea","tea/workflows/testarch/bmad-testarch-ci/steps-c/step-01b-resume.md","12de739385eaf55e31aaed64b8608324d3c6fd247f22378a630810cbace44798"
"md","step-01b-resume","tea","tea/workflows/testarch/bmad-testarch-framework/steps-c/step-01b-resume.md","25e2623397b2144f50bd0906186d72117a9c005e75583e0e3968111e3fdaef4b"
"md","step-01b-resume","tea","tea/workflows/testarch/bmad-testarch-nfr/steps-c/step-01b-resume.md","43f7133fd110c9c8aa3edab7f02a344f08aaa7bcfd70ae8ed9803ff670dabc22"
"md","step-01b-resume","tea","tea/workflows/testarch/bmad-testarch-test-design/steps-c/step-01b-resume.md","490487dca414ed1a072acb0cc8f496d825b14dd3b06870823ee852d484c6f4fc"
"md","step-01b-resume","tea","tea/workflows/testarch/bmad-testarch-test-review/steps-c/step-01b-resume.md","9171e8dabce907994fd7181d3fa42364c661b53da3887bb8dc5930cca6534a86"
"md","step-01b-resume","tea","tea/workflows/testarch/bmad-testarch-trace/steps-c/step-01b-resume.md","e651392598418fdb754c6f709a9090290e3328599b02f61d7ef95ecf58836fc5"
"md","step-02-apply-edit","tea","tea/workflows/testarch/bmad-testarch-atdd/steps-e/step-02-apply-edit.md","1bab9f0a282b0706ae7f3fe866ae9743561d62e31b55ec71a3c8b8c805eb1b86"
"md","step-02-apply-edit","tea","tea/workflows/testarch/bmad-testarch-automate/steps-e/step-02-apply-edit.md","1bab9f0a282b0706ae7f3fe866ae9743561d62e31b55ec71a3c8b8c805eb1b86"
"md","step-02-apply-edit","tea","tea/workflows/testarch/bmad-testarch-ci/steps-e/step-02-apply-edit.md","1bab9f0a282b0706ae7f3fe866ae9743561d62e31b55ec71a3c8b8c805eb1b86"
"md","step-02-apply-edit","tea","tea/workflows/testarch/bmad-testarch-framework/steps-e/step-02-apply-edit.md","1bab9f0a282b0706ae7f3fe866ae9743561d62e31b55ec71a3c8b8c805eb1b86"
"md","step-02-apply-edit","tea","tea/workflows/testarch/bmad-testarch-nfr/steps-e/step-02-apply-edit.md","1bab9f0a282b0706ae7f3fe866ae9743561d62e31b55ec71a3c8b8c805eb1b86"
"md","step-02-apply-edit","tea","tea/workflows/testarch/bmad-testarch-test-design/steps-e/step-02-apply-edit.md","1bab9f0a282b0706ae7f3fe866ae9743561d62e31b55ec71a3c8b8c805eb1b86"
"md","step-02-apply-edit","tea","tea/workflows/testarch/bmad-testarch-test-review/steps-e/step-02-apply-edit.md","1bab9f0a282b0706ae7f3fe866ae9743561d62e31b55ec71a3c8b8c805eb1b86"
"md","step-02-apply-edit","tea","tea/workflows/testarch/bmad-testarch-trace/steps-e/step-02-apply-edit.md","1bab9f0a282b0706ae7f3fe866ae9743561d62e31b55ec71a3c8b8c805eb1b86"
"md","step-02-assess","tea","tea/workflows/testarch/bmad-teach-me-testing/steps-c/step-02-assess.md","fc59314f431976a371ecf29dabc99684cec6a532e99a583b30419a5aa13b2a73"
"md","step-02-define-thresholds","tea","tea/workflows/testarch/bmad-testarch-nfr/steps-c/step-02-define-thresholds.md","044f8ffec7060b5e2a9edd6a0a547e57f2f4cc6c01dd8bc603231ca66e31a82a"
"md","step-02-discover-tests","tea","tea/workflows/testarch/bmad-testarch-test-review/steps-c/step-02-discover-tests.md","a2f644f1523352b6f8eaff461d39bfa7372611c571eb903ecb156b83ce9dfb6c"
"md","step-02-discover-tests","tea","tea/workflows/testarch/bmad-testarch-trace/steps-c/step-02-discover-tests.md","4e8d0acb418262b8be85a47604c097fcc9ba7338817ac2a93397544416790e1e"
"md","step-02-generate-pipeline","tea","tea/workflows/testarch/bmad-testarch-ci/steps-c/step-02-generate-pipeline.md","6f2108d4976c901ff5d5b6453a4c77e428751a6efe6a6eb75056e1adfb4974cb"
"md","step-02-generation-mode","tea","tea/workflows/testarch/bmad-testarch-atdd/steps-c/step-02-generation-mode.md","9ee0e84f48025fb925d5a0a15f2325e7c4b9a9c5121119d0333c8688ddfec176"
"md","step-02-identify-targets","tea","tea/workflows/testarch/bmad-testarch-automate/steps-c/step-02-identify-targets.md","0d1a28f43a5dcd058b66e17f2d081ff7c1c7e41a2ac2e7495c95b06df06c5f5b"
"md","step-02-load-context","tea","tea/workflows/testarch/bmad-testarch-test-design/steps-c/step-02-load-context.md","e1f15652b8ba3672f9ffdeae9e915b2c03cf74ef14dcc31d26051214cfb2d2b2"
"md","step-02-select-framework","tea","tea/workflows/testarch/bmad-testarch-framework/steps-c/step-02-select-framework.md","958ad94c65003793c20f6ecc0d9ced2b3f4ae3f3990332129dc8d8894fb41a54"
"md","step-03-configure-quality-gates","tea","tea/workflows/testarch/bmad-testarch-ci/steps-c/step-03-configure-quality-gates.md","6056b8bb3d45021f9067f27a7cd4250bfa2d259d608e5abb367650942bf16de5"
"md","step-03-gather-evidence","tea","tea/workflows/testarch/bmad-testarch-nfr/steps-c/step-03-gather-evidence.md","161b3d30ff4296c3097a55ebe62816dc3364961f9596aa69256369cecc34ee1d"
"md","step-03-generate-tests","tea","tea/workflows/testarch/bmad-testarch-automate/steps-c/step-03-generate-tests.md","5be55887f41b4387de6ab15085b3b9049ed1eec96d16b2b3673145753cf5baf6"
"md","step-03-map-criteria","tea","tea/workflows/testarch/bmad-testarch-trace/steps-c/step-03-map-criteria.md","6c29e8d225accf4ab5dad033cb3f0a9e433234f4b029060adc2dfeccaaad69ff"
"md","step-03-quality-evaluation","tea","tea/workflows/testarch/bmad-testarch-test-review/steps-c/step-03-quality-evaluation.md","65d6b9c1810664e1676dc5efb0d9a452f0331fcd25e3e10cb51caa93e9960870"
"md","step-03-risk-and-testability","tea","tea/workflows/testarch/bmad-testarch-test-design/steps-c/step-03-risk-and-testability.md","bcc4e25eef2df5aea73fc1b1c38fe13e9754f24716bc6e5dfa69f88ad7777ca0"
"md","step-03-scaffold-framework","tea","tea/workflows/testarch/bmad-testarch-framework/steps-c/step-03-scaffold-framework.md","7b12da7f70ce5c5c7e1bcbed18e784cefd6fa8f885fac22b2da108510a1e59e5"
"md","step-03-session-menu","tea","tea/workflows/testarch/bmad-teach-me-testing/steps-c/step-03-session-menu.md","3925d5c5e315ed88d16d43ab038a9711e8321537352e3cf5b0ebbc1427d1753d"
"md","step-03-test-strategy","tea","tea/workflows/testarch/bmad-testarch-atdd/steps-c/step-03-test-strategy.md","d3170c76f83388eb1ca483558c1475a33bcb33c5071747dc6b887919d1f5b1fe"
"md","step-03a-subagent-api","tea","tea/workflows/testarch/bmad-testarch-automate/steps-c/step-03a-subagent-api.md","e7fc5eefb2c339d647b2e893e3ab1fac9e4b01b4d6a330f1e7889b9e0dd03132"
"md","step-03a-subagent-determinism","tea","tea/workflows/testarch/bmad-testarch-test-review/steps-c/step-03a-subagent-determinism.md","7063463d4bf6d1593cf97f3a62cbcc035982acba479bac8ffa87e3e9feb25420"
"md","step-03b-subagent-backend","tea","tea/workflows/testarch/bmad-testarch-automate/steps-c/step-03b-subagent-backend.md","c3c10bc41e0ce0f29b7fc65ed28dbab8b33c7adc1fde52b5c6959d25f1df4f88"
"md","step-03b-subagent-e2e","tea","tea/workflows/testarch/bmad-testarch-automate/steps-c/step-03b-subagent-e2e.md","4cdf6b840550905d9347a03f9219e7aef1868618c99e2ccaf8b35c23018298a4"
"md","step-03b-subagent-isolation","tea","tea/workflows/testarch/bmad-testarch-test-review/steps-c/step-03b-subagent-isolation.md","4e5f9f983ed9d65c613226c451b1cae11e38cabc4b1bffe197ab5bdbd933025a"
"md","step-03c-aggregate","tea","tea/workflows/testarch/bmad-testarch-automate/steps-c/step-03c-aggregate.md","d4da7428584a1132d575685317cf8dde519aff15c7994566b263c2f68f24d72c"
"md","step-03c-subagent-maintainability","tea","tea/workflows/testarch/bmad-testarch-test-review/steps-c/step-03c-subagent-maintainability.md","98e6da35435a7da19d0e92975c4d3f0e1fd5b99dadeebe318665a2970ae73cd5"
"md","step-03e-subagent-performance","tea","tea/workflows/testarch/bmad-testarch-test-review/steps-c/step-03e-subagent-performance.md","a17ba4d114757da4457f51536012d153cfc42b76f3a32c54846737698dd46d0b"
"md","step-03f-aggregate-scores","tea","tea/workflows/testarch/bmad-testarch-test-review/steps-c/step-03f-aggregate-scores.md","5ed033dc182b71b92d4872bdf4eddde59c5b18e3b54dc65bbe49f5011c25ad12"
"md","step-04-analyze-gaps","tea","tea/workflows/testarch/bmad-testarch-trace/steps-c/step-04-analyze-gaps.md","cda71e008da2dfee7c6a6e2d9e8c2fe4f977074f7e0f0093f43d166c82db0719"
"md","step-04-coverage-plan","tea","tea/workflows/testarch/bmad-testarch-test-design/steps-c/step-04-coverage-plan.md","1abfc3750bd4d8c9a1c75ecb1fca1998f45b33d6b781751de8bc072b32c1ad65"
"md","step-04-docs-and-scripts","tea","tea/workflows/testarch/bmad-testarch-framework/steps-c/step-04-docs-and-scripts.md","a36e99ebc133e18f784d75d8f42109d019f2295eaf0315addb8a5726c7a61a48"
"md","step-04-evaluate-and-score","tea","tea/workflows/testarch/bmad-testarch-nfr/steps-c/step-04-evaluate-and-score.md","fb1e647fdaadbf1959f9823726b25cae4fa8716aacc3c1c45f50c7fbca6c391c"
"md","step-04-generate-report","tea","tea/workflows/testarch/bmad-testarch-test-review/steps-c/step-04-generate-report.md","c60e9ba9ec233d56d0c572cf0e98bb7e46efea27ba5a29041c3a427712ddd003"
"md","step-04-generate-tests","tea","tea/workflows/testarch/bmad-testarch-atdd/steps-c/step-04-generate-tests.md","1d7d97388b8aff1e9ce2cddf7d7d606d6b82d4d15078d9aab1e4ace5b01aa62f"
"md","step-04-session-01","tea","tea/workflows/testarch/bmad-teach-me-testing/steps-c/step-04-session-01.md","af03d4e84391bdb400e1b5bc91a4c7b433015c83eeb5f05016419f752f7b3d0a"
"md","step-04-session-02","tea","tea/workflows/testarch/bmad-teach-me-testing/steps-c/step-04-session-02.md","e9a544982a4735413ecd579ce2989497f7f7a8767f78fc85f9a78b8524035601"
"md","step-04-session-03","tea","tea/workflows/testarch/bmad-teach-me-testing/steps-c/step-04-session-03.md","c151a74acf70e6cc8057cda58ff754099c0518154a44d3e44e36a9550793b36d"
"md","step-04-session-04","tea","tea/workflows/testarch/bmad-teach-me-testing/steps-c/step-04-session-04.md","0d2488945b2e1bb2e2c772040f9202e8cfb13f6c318ee265df3ef65eea7574da"
"md","step-04-session-05","tea","tea/workflows/testarch/bmad-teach-me-testing/steps-c/step-04-session-05.md","dc7e59d103c2097b37e7d61c52a481fd608d235aea066456f04f363f5179e086"
"md","step-04-session-06","tea","tea/workflows/testarch/bmad-teach-me-testing/steps-c/step-04-session-06.md","5c4c80c67e6a1e66ca5cf1387cad0c128146d502ef8fff25775e235a584d33ab"
"md","step-04-session-07","tea","tea/workflows/testarch/bmad-teach-me-testing/steps-c/step-04-session-07.md","3b7c2e21fc40c06e731e7ae01c9d51e0ac63d28327bad95dc60a8068215c47cb"
"md","step-04-validate-and-summarize","tea","tea/workflows/testarch/bmad-testarch-automate/steps-c/step-04-validate-and-summarize.md","907a784a9c3a3d6932137cf80409f9751e1234c0367e8847b3276d86fccfddcd"
"md","step-04-validate-and-summary","tea","tea/workflows/testarch/bmad-testarch-ci/steps-c/step-04-validate-and-summary.md","869dc8e0aa749715d4116c6fe8623df1e29976d0fd5ad4f4dfc5589543541ad4"
"md","step-04a-subagent-api-failing","tea","tea/workflows/testarch/bmad-testarch-atdd/steps-c/step-04a-subagent-api-failing.md","9afeedbe6b3e12780a672bc0c36641c040138b89ff8baa652b1f516b3c0134b6"
"md","step-04a-subagent-security","tea","tea/workflows/testarch/bmad-testarch-nfr/steps-c/step-04a-subagent-security.md","e397ece88e646edd7decefcffae218077e23665e15c14fd2d41c56cd65c6cb4e"
"md","step-04b-subagent-e2e-failing","tea","tea/workflows/testarch/bmad-testarch-atdd/steps-c/step-04b-subagent-e2e-failing.md","acc42edab80a5618d764d0a255d07eb9076bae1f71d74cce8f3383d06c68332e"
"md","step-04b-subagent-performance","tea","tea/workflows/testarch/bmad-testarch-nfr/steps-c/step-04b-subagent-performance.md","de6f83e68ce242254767919b6a8e9b79575e75d407159c5a07e966c03d129c1d"
"md","step-04c-aggregate","tea","tea/workflows/testarch/bmad-testarch-atdd/steps-c/step-04c-aggregate.md","9f719ffbf6afc0083398ec665a50bf10764b3ad8fb562a8d45fb2f51e8ebad48"
"md","step-04c-subagent-reliability","tea","tea/workflows/testarch/bmad-testarch-nfr/steps-c/step-04c-subagent-reliability.md","8e418f4e9838264a7577a511135a20efc918b9baae56d4dc44d18f8888162564"
"md","step-04d-subagent-scalability","tea","tea/workflows/testarch/bmad-testarch-nfr/steps-c/step-04d-subagent-scalability.md","4e138676b99f92d9728fae91974ec260be93f151eec753764a364a76e394152e"
"md","step-04e-aggregate-nfr","tea","tea/workflows/testarch/bmad-testarch-nfr/steps-c/step-04e-aggregate-nfr.md","38642fca4c37a0da53c1313e6bf90093ebd2e1867103c497d868a2ec81ddeb74"
"md","step-05-completion","tea","tea/workflows/testarch/bmad-teach-me-testing/steps-c/step-05-completion.md","4fdb31c2a48a234d9d93d9f4181d78275e169ed263632ee2c52534a398d0696c"
"md","step-05-gate-decision","tea","tea/workflows/testarch/bmad-testarch-trace/steps-c/step-05-gate-decision.md","0485065c4bdb43f03625868c92a7a0695f07009ba8f3d43b25da758a35812620"
"md","step-05-generate-output","tea","tea/workflows/testarch/bmad-testarch-test-design/steps-c/step-05-generate-output.md","24f626a0650d932e82c04a67b9a58dbf8c09471d6a79469da4e075885d552a4f"
"md","step-05-generate-report","tea","tea/workflows/testarch/bmad-testarch-nfr/steps-c/step-05-generate-report.md","1b7a4773ccf84efc5932357fd2c2bd370aa890b62b3be1c3f74c7aeb2a2b9b63"
"md","step-05-validate-and-complete","tea","tea/workflows/testarch/bmad-testarch-atdd/steps-c/step-05-validate-and-complete.md","cc0d6754bb757a33c3a42d5ea904685b189a5e17a8b4fbeec08fb5bd7c108760"
"md","step-05-validate-and-summary","tea","tea/workflows/testarch/bmad-testarch-framework/steps-c/step-05-validate-and-summary.md","b63a1a0e562d5f6db1bdf05f12e9001a1a29fc539b55ea840b7f98f6082eeb27"
"md","step-e-01-assess-workflow","tea","tea/workflows/testarch/bmad-teach-me-testing/steps-e/step-e-01-assess-workflow.md","69efe382e2c34c40c708cc78983f9da17bc03dadbe48d404cf5fff5a41064af6"
"md","step-e-02-apply-edits","tea","tea/workflows/testarch/bmad-teach-me-testing/steps-e/step-e-02-apply-edits.md","e80344a593f15a80c0d9883592ba54fbef2934a4b9d2b5abd892f554a70dc11a"
"md","step-v-01-validate","tea","tea/workflows/testarch/bmad-teach-me-testing/steps-v/step-v-01-validate.md","44e3299dd821040695106119643d70ad67cf1f7b050794b0c578c83e2476fa7f"
"md","test-design-architecture-template","tea","tea/workflows/testarch/bmad-testarch-test-design/test-design-architecture-template.md","dc3317f4b22d2410429acee64f09e043bd677a09335127c65652b40b916cd469"
"md","test-design-handoff-template","tea","tea/workflows/testarch/bmad-testarch-test-design/test-design-handoff-template.md","2569b545622917e0ece923dd8771aacf0a59ca888793fda492484830f7228b6f"
"md","test-design-qa-template","tea","tea/workflows/testarch/bmad-testarch-test-design/test-design-qa-template.md","0bd32213a8bf05b9e56d355331c9da6512e8408214bdd1faffedaac88dc660ea"
"md","test-design-template","tea","tea/workflows/testarch/bmad-testarch-test-design/test-design-template.md","171e6449a385224498fe1c32f48c1cc8f098575a5d303c17e6e89486ca0295db"
"md","test-healing-patterns","tea","tea/agents/bmad-tea/resources/knowledge/test-healing-patterns.md","34f05dc40b5ead05d9c68299cb1a46f819338a4c8c928ab550a593e17f2b5464"
"md","test-healing-patterns","tea","tea/workflows/testarch/bmad-testarch-atdd/resources/knowledge/test-healing-patterns.md","34f05dc40b5ead05d9c68299cb1a46f819338a4c8c928ab550a593e17f2b5464"
"md","test-healing-patterns","tea","tea/workflows/testarch/bmad-testarch-automate/resources/knowledge/test-healing-patterns.md","34f05dc40b5ead05d9c68299cb1a46f819338a4c8c928ab550a593e17f2b5464"
"md","test-healing-patterns","tea","tea/workflows/testarch/bmad-testarch-ci/resources/knowledge/test-healing-patterns.md","34f05dc40b5ead05d9c68299cb1a46f819338a4c8c928ab550a593e17f2b5464"
"md","test-healing-patterns","tea","tea/workflows/testarch/bmad-testarch-framework/resources/knowledge/test-healing-patterns.md","34f05dc40b5ead05d9c68299cb1a46f819338a4c8c928ab550a593e17f2b5464"
"md","test-healing-patterns","tea","tea/workflows/testarch/bmad-testarch-nfr/resources/knowledge/test-healing-patterns.md","34f05dc40b5ead05d9c68299cb1a46f819338a4c8c928ab550a593e17f2b5464"
"md","test-healing-patterns","tea","tea/workflows/testarch/bmad-testarch-test-design/resources/knowledge/test-healing-patterns.md","34f05dc40b5ead05d9c68299cb1a46f819338a4c8c928ab550a593e17f2b5464"
"md","test-healing-patterns","tea","tea/workflows/testarch/bmad-testarch-test-review/resources/knowledge/test-healing-patterns.md","34f05dc40b5ead05d9c68299cb1a46f819338a4c8c928ab550a593e17f2b5464"
"md","test-healing-patterns","tea","tea/workflows/testarch/bmad-testarch-trace/resources/knowledge/test-healing-patterns.md","34f05dc40b5ead05d9c68299cb1a46f819338a4c8c928ab550a593e17f2b5464"
"md","test-levels-framework","tea","tea/agents/bmad-tea/resources/knowledge/test-levels-framework.md","5397ad467351c55a6c8ee0d7f2fc6fce3d123a0bee35c01af0f71aa90d8bd0ea"
"md","test-levels-framework","tea","tea/workflows/testarch/bmad-testarch-atdd/resources/knowledge/test-levels-framework.md","5397ad467351c55a6c8ee0d7f2fc6fce3d123a0bee35c01af0f71aa90d8bd0ea"
"md","test-levels-framework","tea","tea/workflows/testarch/bmad-testarch-automate/resources/knowledge/test-levels-framework.md","5397ad467351c55a6c8ee0d7f2fc6fce3d123a0bee35c01af0f71aa90d8bd0ea"
"md","test-levels-framework","tea","tea/workflows/testarch/bmad-testarch-ci/resources/knowledge/test-levels-framework.md","5397ad467351c55a6c8ee0d7f2fc6fce3d123a0bee35c01af0f71aa90d8bd0ea"
"md","test-levels-framework","tea","tea/workflows/testarch/bmad-testarch-framework/resources/knowledge/test-levels-framework.md","5397ad467351c55a6c8ee0d7f2fc6fce3d123a0bee35c01af0f71aa90d8bd0ea"
"md","test-levels-framework","tea","tea/workflows/testarch/bmad-testarch-nfr/resources/knowledge/test-levels-framework.md","5397ad467351c55a6c8ee0d7f2fc6fce3d123a0bee35c01af0f71aa90d8bd0ea"
"md","test-levels-framework","tea","tea/workflows/testarch/bmad-testarch-test-design/resources/knowledge/test-levels-framework.md","5397ad467351c55a6c8ee0d7f2fc6fce3d123a0bee35c01af0f71aa90d8bd0ea"
"md","test-levels-framework","tea","tea/workflows/testarch/bmad-testarch-test-review/resources/knowledge/test-levels-framework.md","5397ad467351c55a6c8ee0d7f2fc6fce3d123a0bee35c01af0f71aa90d8bd0ea"
"md","test-levels-framework","tea","tea/workflows/testarch/bmad-testarch-trace/resources/knowledge/test-levels-framework.md","5397ad467351c55a6c8ee0d7f2fc6fce3d123a0bee35c01af0f71aa90d8bd0ea"
"md","test-priorities-matrix","tea","tea/agents/bmad-tea/resources/knowledge/test-priorities-matrix.md","9f026da4038166ce8c3cc8aaedc9ca32b99eae75a053d5301c07bc53442a7788"
"md","test-priorities-matrix","tea","tea/workflows/testarch/bmad-testarch-atdd/resources/knowledge/test-priorities-matrix.md","9f026da4038166ce8c3cc8aaedc9ca32b99eae75a053d5301c07bc53442a7788"
"md","test-priorities-matrix","tea","tea/workflows/testarch/bmad-testarch-automate/resources/knowledge/test-priorities-matrix.md","9f026da4038166ce8c3cc8aaedc9ca32b99eae75a053d5301c07bc53442a7788"
"md","test-priorities-matrix","tea","tea/workflows/testarch/bmad-testarch-ci/resources/knowledge/test-priorities-matrix.md","9f026da4038166ce8c3cc8aaedc9ca32b99eae75a053d5301c07bc53442a7788"
"md","test-priorities-matrix","tea","tea/workflows/testarch/bmad-testarch-framework/resources/knowledge/test-priorities-matrix.md","9f026da4038166ce8c3cc8aaedc9ca32b99eae75a053d5301c07bc53442a7788"
"md","test-priorities-matrix","tea","tea/workflows/testarch/bmad-testarch-nfr/resources/knowledge/test-priorities-matrix.md","9f026da4038166ce8c3cc8aaedc9ca32b99eae75a053d5301c07bc53442a7788"
"md","test-priorities-matrix","tea","tea/workflows/testarch/bmad-testarch-test-design/resources/knowledge/test-priorities-matrix.md","9f026da4038166ce8c3cc8aaedc9ca32b99eae75a053d5301c07bc53442a7788"
"md","test-priorities-matrix","tea","tea/workflows/testarch/bmad-testarch-test-review/resources/knowledge/test-priorities-matrix.md","9f026da4038166ce8c3cc8aaedc9ca32b99eae75a053d5301c07bc53442a7788"
"md","test-priorities-matrix","tea","tea/workflows/testarch/bmad-testarch-trace/resources/knowledge/test-priorities-matrix.md","9f026da4038166ce8c3cc8aaedc9ca32b99eae75a053d5301c07bc53442a7788"
"md","test-quality","tea","tea/agents/bmad-tea/resources/knowledge/test-quality.md","01552faa4496926c4e4badf03ff7c0b17fbf3e5647c3a79348c6e4932602955e"
"md","test-quality","tea","tea/workflows/testarch/bmad-testarch-atdd/resources/knowledge/test-quality.md","01552faa4496926c4e4badf03ff7c0b17fbf3e5647c3a79348c6e4932602955e"
"md","test-quality","tea","tea/workflows/testarch/bmad-testarch-automate/resources/knowledge/test-quality.md","01552faa4496926c4e4badf03ff7c0b17fbf3e5647c3a79348c6e4932602955e"
"md","test-quality","tea","tea/workflows/testarch/bmad-testarch-ci/resources/knowledge/test-quality.md","01552faa4496926c4e4badf03ff7c0b17fbf3e5647c3a79348c6e4932602955e"
"md","test-quality","tea","tea/workflows/testarch/bmad-testarch-framework/resources/knowledge/test-quality.md","01552faa4496926c4e4badf03ff7c0b17fbf3e5647c3a79348c6e4932602955e"
"md","test-quality","tea","tea/workflows/testarch/bmad-testarch-nfr/resources/knowledge/test-quality.md","01552faa4496926c4e4badf03ff7c0b17fbf3e5647c3a79348c6e4932602955e"
"md","test-quality","tea","tea/workflows/testarch/bmad-testarch-test-design/resources/knowledge/test-quality.md","01552faa4496926c4e4badf03ff7c0b17fbf3e5647c3a79348c6e4932602955e"
"md","test-quality","tea","tea/workflows/testarch/bmad-testarch-test-review/resources/knowledge/test-quality.md","01552faa4496926c4e4badf03ff7c0b17fbf3e5647c3a79348c6e4932602955e"
"md","test-quality","tea","tea/workflows/testarch/bmad-testarch-trace/resources/knowledge/test-quality.md","01552faa4496926c4e4badf03ff7c0b17fbf3e5647c3a79348c6e4932602955e"
"md","test-review-template","tea","tea/workflows/testarch/bmad-testarch-test-review/test-review-template.md","5bcfec226fd84487de21d1db6386c4b3eba613103afd2afa295cfd06e7967e4a"
"md","timing-debugging","tea","tea/agents/bmad-tea/resources/knowledge/timing-debugging.md","74304e8e924f1ae21be4edcdea149442a8ee1d5ad23a5388dc32c0cf3f8135e7"
"md","timing-debugging","tea","tea/workflows/testarch/bmad-testarch-atdd/resources/knowledge/timing-debugging.md","74304e8e924f1ae21be4edcdea149442a8ee1d5ad23a5388dc32c0cf3f8135e7"
"md","timing-debugging","tea","tea/workflows/testarch/bmad-testarch-automate/resources/knowledge/timing-debugging.md","74304e8e924f1ae21be4edcdea149442a8ee1d5ad23a5388dc32c0cf3f8135e7"
"md","timing-debugging","tea","tea/workflows/testarch/bmad-testarch-ci/resources/knowledge/timing-debugging.md","74304e8e924f1ae21be4edcdea149442a8ee1d5ad23a5388dc32c0cf3f8135e7"
"md","timing-debugging","tea","tea/workflows/testarch/bmad-testarch-framework/resources/knowledge/timing-debugging.md","74304e8e924f1ae21be4edcdea149442a8ee1d5ad23a5388dc32c0cf3f8135e7"
"md","timing-debugging","tea","tea/workflows/testarch/bmad-testarch-nfr/resources/knowledge/timing-debugging.md","74304e8e924f1ae21be4edcdea149442a8ee1d5ad23a5388dc32c0cf3f8135e7"
"md","timing-debugging","tea","tea/workflows/testarch/bmad-testarch-test-design/resources/knowledge/timing-debugging.md","74304e8e924f1ae21be4edcdea149442a8ee1d5ad23a5388dc32c0cf3f8135e7"
"md","timing-debugging","tea","tea/workflows/testarch/bmad-testarch-test-review/resources/knowledge/timing-debugging.md","74304e8e924f1ae21be4edcdea149442a8ee1d5ad23a5388dc32c0cf3f8135e7"
"md","timing-debugging","tea","tea/workflows/testarch/bmad-testarch-trace/resources/knowledge/timing-debugging.md","74304e8e924f1ae21be4edcdea149442a8ee1d5ad23a5388dc32c0cf3f8135e7"
"md","trace-template","tea","tea/workflows/testarch/bmad-testarch-trace/trace-template.md","d58d9e9de635bb9eebf3a449fe66aa99e998256187204bac59033d5603d8ec24"
"md","validation-report-20260127-095021","tea","tea/workflows/testarch/bmad-testarch-atdd/validation-report-20260127-095021.md","8ad16b678e08ec75a41bc2893db7ae8ad2be8cf229d9c8393b45fba310161e04"
"md","validation-report-20260127-095021","tea","tea/workflows/testarch/bmad-testarch-automate/validation-report-20260127-095021.md","76003bc6af51d5d5fa99ab5e4f2762f521f49b5543789399b8b56b917e6c3ae4"
"md","validation-report-20260127-095021","tea","tea/workflows/testarch/bmad-testarch-ci/validation-report-20260127-095021.md","510e83e1909f93be68d337284e56e129a97b81d529ed37231d6b2f62c8e3de31"
"md","validation-report-20260127-095021","tea","tea/workflows/testarch/bmad-testarch-framework/validation-report-20260127-095021.md","0ffbf0dd8732a2d43825235965670b6f8255a06a131caeb92f8f6afad22240ad"
"md","validation-report-20260127-095021","tea","tea/workflows/testarch/bmad-testarch-nfr/validation-report-20260127-095021.md","c0e196e2fa452cce54d1b82da1501d58eb7f6509885da1879bcd316634764f68"
"md","validation-report-20260127-095021","tea","tea/workflows/testarch/bmad-testarch-test-design/validation-report-20260127-095021.md","2c9df60896256ea91555fcdcb3c3d5b38d47003fa0d5b1216466a6599b53d0ed"
"md","validation-report-20260127-095021","tea","tea/workflows/testarch/bmad-testarch-test-review/validation-report-20260127-095021.md","e3c761b0beb35bedf5be5170725571eb60a8d0853d219aa6c2cbf7548b058dc0"
"md","validation-report-20260127-095021","tea","tea/workflows/testarch/bmad-testarch-trace/validation-report-20260127-095021.md","4c3df5b3b9fb51dec9110094a9b073391c1f0befd5a5bd11ee3b681655581198"
"md","validation-report-20260127-102401","tea","tea/workflows/testarch/bmad-testarch-atdd/validation-report-20260127-102401.md","7660056ce91586ee251521f2afd70a37d8fde92c269d1ae0006165982aa798ed"
"md","validation-report-20260127-102401","tea","tea/workflows/testarch/bmad-testarch-automate/validation-report-20260127-102401.md","d771deda210ff0e247096c8d34acf3cb65a997a352d0e2b6b534b98b8257e12f"
"md","validation-report-20260127-102401","tea","tea/workflows/testarch/bmad-testarch-ci/validation-report-20260127-102401.md","d45297159f142aefcf2370174a30cd85f4e2b58598146ca8d34281a66a218c88"
"md","validation-report-20260127-102401","tea","tea/workflows/testarch/bmad-testarch-framework/validation-report-20260127-102401.md","42da2d087d43f5d17bc75b11c57090cf43edf1f6b6f5fc422cf8b31eca697a29"
"md","validation-report-20260127-102401","tea","tea/workflows/testarch/bmad-testarch-nfr/validation-report-20260127-102401.md","571818b6acd85778e6b5bb725c93db86e5c3854644b806cc341ed8d7b299247e"
"md","validation-report-20260127-102401","tea","tea/workflows/testarch/bmad-testarch-test-design/validation-report-20260127-102401.md","a3f1a46ee45c25a0b8594f1c0680473c360ff5f234e22e342074f0d795c1916d"
"md","validation-report-20260127-102401","tea","tea/workflows/testarch/bmad-testarch-test-review/validation-report-20260127-102401.md","ef89f3a406cc7cca093ef12054cc0e5b23d3f17acba065130e1bf88520945fe4"
"md","validation-report-20260127-102401","tea","tea/workflows/testarch/bmad-testarch-trace/validation-report-20260127-102401.md","41c2741d65c4ba9a05cfa7ce9c44c97670abda4b2dd2c6f5303fd13584bb35d9"
"md","visual-debugging","tea","tea/agents/bmad-tea/resources/knowledge/visual-debugging.md","c06729b0a8e278800fea1e3b195b1f9f644fe8ba3ed027e48d995157b638e557"
"md","visual-debugging","tea","tea/workflows/testarch/bmad-testarch-atdd/resources/knowledge/visual-debugging.md","c06729b0a8e278800fea1e3b195b1f9f644fe8ba3ed027e48d995157b638e557"
"md","visual-debugging","tea","tea/workflows/testarch/bmad-testarch-automate/resources/knowledge/visual-debugging.md","c06729b0a8e278800fea1e3b195b1f9f644fe8ba3ed027e48d995157b638e557"
"md","visual-debugging","tea","tea/workflows/testarch/bmad-testarch-ci/resources/knowledge/visual-debugging.md","c06729b0a8e278800fea1e3b195b1f9f644fe8ba3ed027e48d995157b638e557"
"md","visual-debugging","tea","tea/workflows/testarch/bmad-testarch-framework/resources/knowledge/visual-debugging.md","c06729b0a8e278800fea1e3b195b1f9f644fe8ba3ed027e48d995157b638e557"
"md","visual-debugging","tea","tea/workflows/testarch/bmad-testarch-nfr/resources/knowledge/visual-debugging.md","c06729b0a8e278800fea1e3b195b1f9f644fe8ba3ed027e48d995157b638e557"
"md","visual-debugging","tea","tea/workflows/testarch/bmad-testarch-test-design/resources/knowledge/visual-debugging.md","c06729b0a8e278800fea1e3b195b1f9f644fe8ba3ed027e48d995157b638e557"
"md","visual-debugging","tea","tea/workflows/testarch/bmad-testarch-test-review/resources/knowledge/visual-debugging.md","c06729b0a8e278800fea1e3b195b1f9f644fe8ba3ed027e48d995157b638e557"
"md","visual-debugging","tea","tea/workflows/testarch/bmad-testarch-trace/resources/knowledge/visual-debugging.md","c06729b0a8e278800fea1e3b195b1f9f644fe8ba3ed027e48d995157b638e557"
"md","workflow","tea","tea/workflows/testarch/bmad-teach-me-testing/workflow.md","d9d6450f9683ed47e774afe0784a934324fef7d8e27a748bce0a960f65c3a920"
"md","workflow","tea","tea/workflows/testarch/bmad-testarch-atdd/workflow.md","7e2c4376a7c8ca882119ffba2d37efcc2be0dba825ed6bf170f2e48a94db8521"
"md","workflow","tea","tea/workflows/testarch/bmad-testarch-automate/workflow.md","0e53a8b4e2ba998ebc29dfbc3fc90763cb167518a38495fd90d09deab900bfb0"
"md","workflow","tea","tea/workflows/testarch/bmad-testarch-ci/workflow.md","44ec806cf6085b71b42a384c72b2fc4d17d4b540933a499bfc633e251f19507d"
"md","workflow","tea","tea/workflows/testarch/bmad-testarch-framework/workflow.md","4ac7e25c996e13ba786dad14de093f10732f7c4874df9117e7ad5f4eec5b792b"
"md","workflow","tea","tea/workflows/testarch/bmad-testarch-nfr/workflow.md","1f363ab534d00a2b559cf3a90129963fe4b91d6d0b75c1d2e4c9a794dbb6c324"
"md","workflow","tea","tea/workflows/testarch/bmad-testarch-test-design/workflow.md","654c8555cf73c7bc2a2f8cc7800f0b5440b3a027d2d385e420f7a7ea18a8cc03"
"md","workflow","tea","tea/workflows/testarch/bmad-testarch-test-review/workflow.md","04857f0d2bbf8ff8ecdb6579c100ed0781455506817565ac660217ed29506fef"
"md","workflow","tea","tea/workflows/testarch/bmad-testarch-trace/workflow.md","3b1d245438f1365cc1cc9a71ca3d8f7e7f34c62cea69b60ec43d84b1c9a9023b"
"md","workflow-plan","tea","tea/workflows/testarch/bmad-testarch-atdd/workflow-plan.md","28b265f8a3b950a92454632a0d78faa3a40b096f85714187455ab5d495787437"
"md","workflow-plan","tea","tea/workflows/testarch/bmad-testarch-automate/workflow-plan.md","cd569f2f23791b3223778af6461492f02909ae029ce14899feaf4f9e112f2956"
"md","workflow-plan","tea","tea/workflows/testarch/bmad-testarch-ci/workflow-plan.md","98c0a7ffdc946500c4cf5358ba99559f59c6cbc9c09154d8e477a87b90891952"
"md","workflow-plan","tea","tea/workflows/testarch/bmad-testarch-framework/workflow-plan.md","a3f83191c092720228f5f9f6e17c97b1eed0967f58bb1b7e54c51b0ca6e49221"
"md","workflow-plan","tea","tea/workflows/testarch/bmad-testarch-nfr/workflow-plan.md","968c84d8ea3e2ea6b248d2298aff79bc1b00ecab34113ab61ead788cc4f6a1d2"
"md","workflow-plan","tea","tea/workflows/testarch/bmad-testarch-test-design/workflow-plan.md","981e2c1fe7c701ad33e52ed62a691d747ec8b6b2a5c20637c4d4314914e49470"
"md","workflow-plan","tea","tea/workflows/testarch/bmad-testarch-test-review/workflow-plan.md","f92e323bb2a786edc3e2377325c3f7efd2cfdebe27a36f9bc94b0cc8149c08f6"
"md","workflow-plan","tea","tea/workflows/testarch/bmad-testarch-trace/workflow-plan.md","b021c4f55d751b14c96853f1559fb3a6eb044608c4a39ea56bde0ef5d6869692"
"md","workflow-plan-teach-me-testing","tea","tea/workflows/testarch/bmad-teach-me-testing/workflow-plan-teach-me-testing.md","4839043f08f7f7c4fb0d5fbfe555b82bd4f4d0c84b6b9487d5078a5ffc3684e3"
"yaml","azure-pipelines-template","tea","tea/workflows/testarch/bmad-testarch-ci/azure-pipelines-template.yaml","d4e48de5edc5603872995a15289c736a26cee61b1f0c634fef2c7e957deadb3d"
"yaml","bmad-skill-manifest","tea","tea/agents/bmad-tea/bmad-skill-manifest.yaml","4f8a9ef4c1493607ef09135eef6fc07768d3e0029ad15512629508010dc735c5"
"yaml","bmad-skill-manifest","tea","tea/workflows/testarch/bmad-teach-me-testing/bmad-skill-manifest.yaml","fba78c307309490c064510a2d87d29e608120d600a705fd1d6b110adbdb68e63"
"yaml","bmad-skill-manifest","tea","tea/workflows/testarch/bmad-testarch-atdd/bmad-skill-manifest.yaml","fba78c307309490c064510a2d87d29e608120d600a705fd1d6b110adbdb68e63"
"yaml","bmad-skill-manifest","tea","tea/workflows/testarch/bmad-testarch-automate/bmad-skill-manifest.yaml","fba78c307309490c064510a2d87d29e608120d600a705fd1d6b110adbdb68e63"
"yaml","bmad-skill-manifest","tea","tea/workflows/testarch/bmad-testarch-ci/bmad-skill-manifest.yaml","fba78c307309490c064510a2d87d29e608120d600a705fd1d6b110adbdb68e63"
"yaml","bmad-skill-manifest","tea","tea/workflows/testarch/bmad-testarch-framework/bmad-skill-manifest.yaml","fba78c307309490c064510a2d87d29e608120d600a705fd1d6b110adbdb68e63"
"yaml","bmad-skill-manifest","tea","tea/workflows/testarch/bmad-testarch-nfr/bmad-skill-manifest.yaml","fba78c307309490c064510a2d87d29e608120d600a705fd1d6b110adbdb68e63"
"yaml","bmad-skill-manifest","tea","tea/workflows/testarch/bmad-testarch-test-design/bmad-skill-manifest.yaml","fba78c307309490c064510a2d87d29e608120d600a705fd1d6b110adbdb68e63"
"yaml","bmad-skill-manifest","tea","tea/workflows/testarch/bmad-testarch-test-review/bmad-skill-manifest.yaml","fba78c307309490c064510a2d87d29e608120d600a705fd1d6b110adbdb68e63"
"yaml","bmad-skill-manifest","tea","tea/workflows/testarch/bmad-testarch-trace/bmad-skill-manifest.yaml","fba78c307309490c064510a2d87d29e608120d600a705fd1d6b110adbdb68e63"
"yaml","config","tea","tea/config.yaml","b19b9a692683e0bf6f6905848057853eb2a3e79df6456b2c7766aa49c27778c9"
"yaml","curriculum","tea","tea/workflows/testarch/bmad-teach-me-testing/data/curriculum.yaml","a8789962a37cb628a471e695058099a57765a5c59640107a18160e089c8869f7"
"yaml","github-actions-template","tea","tea/workflows/testarch/bmad-testarch-ci/github-actions-template.yaml","ab958973e3db5f207c02aca9382f918754d516bf1c93b6aae3b17174210e84d3"
"yaml","gitlab-ci-template","tea","tea/workflows/testarch/bmad-testarch-ci/gitlab-ci-template.yaml","a5b151216164f463fc5dd5f23087a361cdfd60a67e0b150be962c18323ef75fe"
"yaml","harness-pipeline-template","tea","tea/workflows/testarch/bmad-testarch-ci/harness-pipeline-template.yaml","d6deb2934143fd04ec71789cb43be9227bf40a91f527b1997233e27a346d5cc7"
"yaml","progress-template","tea","tea/workflows/testarch/bmad-teach-me-testing/templates/progress-template.yaml","4220c120a19dda4ee3c9a1e9b7cccd3f0a32016c553f58722fcc69d4dafac202"
"yaml","quiz-questions","tea","tea/workflows/testarch/bmad-teach-me-testing/data/quiz-questions.yaml","a308173a406edb8f2ab05d373640565c2f677463cdbcbae866ce5c811ce121c7"
"yaml","role-paths","tea","tea/workflows/testarch/bmad-teach-me-testing/data/role-paths.yaml","8cc2b2ae0f6fe1d5230702813de078a042ce228e23a184a17bff314cb9f7df2c"
"yaml","session-content-map","tea","tea/workflows/testarch/bmad-teach-me-testing/data/session-content-map.yaml","1d50fccb889a8dc6c5e471d18abd3340cab6043e59ac44e1b7428ec63a3766a6"
"yaml","tea-resources-index","tea","tea/workflows/testarch/bmad-teach-me-testing/data/tea-resources-index.yaml","75af9a9046b5aeb33861dd693b2a8b38a16946a953136c1a56d3b2647812a1ea"
"yaml","workflow","tea","tea/workflows/testarch/bmad-testarch-atdd/workflow.yaml","ffd8e91c8e2f0b69606073021c30b96691b51ad4fcf2adfaad3784f372cf0d14"
"yaml","workflow","tea","tea/workflows/testarch/bmad-testarch-automate/workflow.yaml","31aa0de4052cbe9897d830fca64e75b1ad02619b5fea0e47bd6187a67b42f37e"
"yaml","workflow","tea","tea/workflows/testarch/bmad-testarch-ci/workflow.yaml","2b0dcde0dfcd0756f3d4ffb5d15f645b6972fce37807cfaf74c120d89bfa111a"
"yaml","workflow","tea","tea/workflows/testarch/bmad-testarch-framework/workflow.yaml","96bd1a10c3f9b02aa16b5c6e449e31091e3b89c1ea11a587fd111383d7fd81fc"
"yaml","workflow","tea","tea/workflows/testarch/bmad-testarch-nfr/workflow.yaml","3c6d34a1e445788ab3e53e9516826a0edd0376e4623da0961453270064356f7d"
"yaml","workflow","tea","tea/workflows/testarch/bmad-testarch-test-design/workflow.yaml","28ee3aa36cb61e425073567cbb380ba8d2b6ade33db983fd122af4ec58d2bc12"
"yaml","workflow","tea","tea/workflows/testarch/bmad-testarch-test-review/workflow.yaml","f9f22380b038a4bdf8dbbbf56d7102c8082362aa00d56199b9b18bc6944f7339"
"yaml","workflow","tea","tea/workflows/testarch/bmad-testarch-trace/workflow.yaml","911ff31fab73ade6d95c3e798f560104e2fd3f4c0d0ae3c142d63d74a1f70bcd"
